Workbook

Sheet MASTER BP
B2: TRAFO DISTRIBUSI
C3: Amurang 150 kV | E3: Buroko 150 kV | G3: Botupingge 150 kV | K3: Isimu 150 kV | O3: Kawangkoan 150 kV | U3: Lolak 150 kV | W3: Lopana 150 kV | AA3: Marisa 150 kV | AC3: Otam 150 kV | AG3: Teling 150 kV | AK3: Tanjung Merah 150 kV | AO3: Paniki 150 kV | AS3: Anggrek 150 kV | AU3: Sinsingon 150 kV | AW3: Bitung 70 kV | BC3: Likupang 70 kV | BG3: Ranomuut 70 kV | BO3: Sawangan 70 kV
B4: JAM | C4: Trafo 1 150/20 kV | E4: Trafo 1 150/20 kV | G4: Trafo 1 150/20 kV | I4: Trafo 2 150/20 kV | K4: Trafo 1 150/20 kV | M4: Trafo 2 150/20 kV | O4: Trafo 1 150/20 kV | Q4: Trafo 2 150/20 kV | S4: Trafo 3 150/20 kV | U4: Trafo 1 150/20 kV | W4: Trafo 1 150/20 kV | Y4: Trafo 2 150/20 kV | AA4: Trafo 1 150/20 kV | AC4: Trafo 1 150/20 kV | AE4: Trafo 2 150/20 kV | AG4: Trafo 1 150/20 kV | AI4: Trafo Mobile 1 150/20 kV | AK4: Trafo 1 150/20 kV | AM4: Trafo 2 150/20 kV | AO4: Trafo 1 150/20 kV | AQ4: Trafo 2 150/20 kV | AS4: Trafo 1 150/20 kV | AU4: Trafo 1 150/20 kV | AW4: Trafo 1 70/20 kV | AY4: Trafo 4 70/20 kV | BA4: Trafo 6 70/20 kV | BC4: Trafo 1 70/20 kV | BE4: Trafo 2 70/20 kV | BG4: Trafo 1 70/20 kV | BI4: Trafo 2 70/20 kV | BK4: Trafo 3 70/20 kV | BM4: Trafo 4 70/20 kV | BO4: Trafo 1 70/20 kV | BQ4: Trafo 2 70/20 kV
C5: MW | D5: MVAR | E5: MW | F5: MVAR | G5: MW | H5: MVAR | I5: MW | J5: MVAR | K5: MW | L5: MVAR | M5: MW | N5: MVAR | O5: MW | P5: MVAR | Q5: MW | R5: MVAR | S5: MW | T5: MVAR | U5: MW | V5: MVAR | W5: MW | X5: MVAR | Y5: MW | Z5: MVAR | AA5: MW | AB5: MVAR | AC5: MW | AD5: MVAR | AE5: MW | AF5: MVAR | AG5: MW | AH5: MVAR | AI5: MW | AJ5: MVAR | AK5: MW | AL5: MVAR | AM5: MW | AN5: MVAR | AO5: MW | AP5: MVAR | AQ5: MW | AR5: MVAR | AS5: MW | AT5: MVAR | AU5: MW | AV5: MVAR | AW5: MW | AX5: MVAR | AY5: MW | AZ5: MVAR | BA5: MW | BB5: MVAR | BC5: MW | BD5: MVAR | BE5: MW | BF5: MVAR | BG5: MW | BH5: MVAR | BI5: MW | BJ5: MVAR | BK5: MW | BL5: MVAR | BM5: MW | BN5: MVAR | BO5: MW | BP5: MVAR | BQ5: MW | BR5: MVAR
B7: 0
B8: 0.020833333 | C8: 0 | D8: 0 | E8: 2.8390002 | F8: 0.55500001 | G8: 24.099001 | H8: 7.2660003 | I8: 5.008666 | J8: 0.75908178 | K8: 0 | L8: 0 | M8: 10.771885 | N8: 2.0117941 | O8: 0 | P8: 0 | Q8: 0 | R8: 0 | S8: 9.5929432 | T8: 2.7960136 | U8: 7.3540006 | V8: 1.7980001 | W8: 8.5650005 | X8: 3.2440002 | Y8: 1.8550001 | Z8: 0.46600002 | AA8: 8.434 | AB8: 14.221001 | AC8: 10.142 | AD8: 3.4610002 | AE8: 2.7593424 | AF8: 0.63844395 | AG8: 15.275419 | AH8: 3.3817143 | AI8: 14.360802 | AJ8: 3.4649465 | AK8: 11.841001 | AL8: 3.1330001 | AM8: 5.5327706 | AN8: 1.780388 | AO8: 0 | AP8: 0 | AQ8: 20.866421 | AR8: 6.7013731 | AS8: 6.7340002 | AT8: -1.082 | AU8: 1.8567191 | AV8: 0.4252286 | AW8: 3.2360001 | AX8: -1.202 | AY8: 6.3180003 | AZ8: 4.658 | BA8: 6.8870006 | BB8: 2.8110001 | BC8: 3.2120001 | BD8: 0.77200001 | BE8: 0 | BF8: 0 | BG8: 6.4300003 | BH8: 1.677 | BI8: 3.7480001 | BJ8: 0.54400003 | BK8: 0 | BL8: 0 | BM8: 2.7900002 | BN8: 0.98700005 | BO8: 0 | BP8: 0 | BQ8: 0 | BR8: 0
B9: 0.041666667 | C9: 0 | D9: 0 | E9: 2.7520001 | F9: 0.56800002 | G9: 24.099001 | H9: 7.1600003 | I9: 4.8631463 | J9: 0.7648046 | K9: 0 | L9: 0 | M9: 10.543459 | N9: 2.0151796 | O9: 0 | P9: 0 | Q9: 0 | R9: 0 | S9: 9.2467575 | T9: 2.6883206 | U9: 7.2010002 | V9: 1.7530001 | W9: 8.3630009 | X9: 3.2700002 | Y9: 1.8180001 | Z9: 0.48300001 | AA9: 8.1760006 | AB9: 14.283001 | AC9: 10.142 | AD9: 3.1850002 | AE9: 2.6780725 | AF9: 0.64142907 | AG9: 14.893484 | AH9: 3.3444164 | AI9: 14.050881 | AJ9: 3.4469171 | AK9: 11.488001 | AL9: 3.154 | AM9: 5.385613 | AN9: 1.7157791 | AO9: 0 | AP9: 0 | AQ9: 20.449322 | AR9: 6.6277604 | AS9: 6.7370005 | AT9: -1.257 | AU9: 1.8201985 | AV9: 0.40543649 | AW9: 3.1270001 | AX9: -1.125 | AY9: 6.9280005 | AZ9: 4.7860003 | BA9: 6.8820004 | BB9: 2.8060002 | BC9: 3.1620002 | BD9: 0.76700002 | BE9: 0 | BF9: 0 | BG9: 6.2990003 | BH9: 1.7060001 | BI9: 3.6190002 | BJ9: 0.49600002 | BK9: 0 | BL9: 0 | BM9: 2.7460001 | BN9: 0.98000002 | BO9: 0 | BP9: 0 | BQ9: 0 | BR9: 0
B10: 0.0625 | C10: 0 | D10: 0 | E10: 2.6800001 | F10: 0.54400003 | G10: 23.087002 | H10: 7.1010003 | I10: 4.7084508 | J10: 0.74305254 | K10: 0 | L10: 0 | M10: 10.26515 | N10: 1.9478264 | O10: 0 | P10: 0 | Q10: 0 | R10: 0 | S10: 9.1272058 | T10: 2.6707976 | U10: 7.0200005 | V10: 1.7460001 | W10: 8.217 | X10: 3.2320001 | Y10: 1.7340001 | Z10: 0.47400004 | AA10: 7.9100003 | AB10: 14.337001 | AC10: 10.142 | AD10: 3.1750002 | AE10: 2.5747602 | AF10: 0.59940767 | AG10: 14.518369 | AH10: 3.2766614 | AI10: 13.70819 | AJ10: 3.3940825 | AK10: 11.237 | AL10: 3.0810001 | AM10: 5.3058095 | AN10: 1.6581502 | AO10: 0 | AP10: 0 | AQ10: 19.956411 | AR10: 6.5429125 | AS10: 6.5410004 | AT10: -1.2479999 | AU10: 1.6388093 | AV10: 0.39491338 | AW10: 3.052 | AX10: -1.1040001 | AY10: 7.2040005 | AZ10: 4.8850002 | BA10: 6.6480002 | BB10: 2.786 | BC10: 3.108 | BD10: 0.71000004 | BE10: 0 | BF10: 0 | BG10: 6.1240001 | BH10: 1.705 | BI10: 3.5250001 | BJ10: 0.47900003 | BK10: 0 | BL10: 0 | BM10: 2.72 | BN10: 1.0090001 | BO10: 0 | BP10: 0 | BQ10: 0 | BR10: 0
B11: 0.083333333 | C11: 0 | D11: 0 | E11: 2.6260002 | F11: 0.59400004 | G11: 21.673 | H11: 6.6640005 | I11: 4.5642314 | J11: 0.74335825 | K11: 0 | L11: 0 | M11: 10.09734 | N11: 2.1909618 | O11: 0 | P11: 0 | Q11: 0 | R11: 0 | S11: 8.9743395 | T11: 2.6949501 | U11: 6.9030004 | V11: 1.7880001 | W11: 7.9300003 | X11: 3.2380002 | Y11: 1.6940001 | Z11: 0.48600003 | AA11: 7.7660003 | AB11: 14.526001 | AC11: 9.0780001 | AD11: 3.095 | AE11: 2.5364041 | AF11: 0.64060307 | AG11: 14.170465 | AH11: 3.3878317 | AI11: 13.401606 | AJ11: 3.4836049 | AK11: 10.975 | AL11: 3.0740001 | AM11: 5.2137589 | AN11: 1.7512597 | AO11: 0 | AP11: 0 | AQ11: 19.529572 | AR11: 6.7346163 | AS11: 6.1660004 | AT11: -1.293 | AU11: 1.7782985 | AV11: 0.41780743 | AW11: 3.0900002 | AX11: -1.0070001 | AY11: 6.9280005 | AZ11: 4.8910003 | BA11: 5.3110003 | BB11: 2.1190002 | BC11: 2.9890001 | BD11: 0.69700003 | BE11: 0 | BF11: 0 | BG11: 5.9860001 | BH11: 1.6900001 | BI11: 3.5470002 | BJ11: 0.60600001 | BK11: 0 | BL11: 0 | BM11: 2.6450002 | BN11: 0.94100004 | BO11: 0 | BP11: 0 | BQ11: 0 | BR11: 0
B12: 0.10416667 | C12: 0 | D12: 0 | E12: 2.549 | F12: 0.48400003 | G12: 21.228001 | H12: 6.6670003 | I12: 4.4269719 | J12: 0.72333467 | K12: 0 | L12: 0 | M12: 9.9502068 | N12: 2.080168 | O12: 0 | P12: 0 | Q12: 0 | R12: 0 | S12: 8.8476295 | T12: 2.7261972 | U12: 6.8350005 | V12: 1.7570001 | W12: 7.9680004 | X12: 3.2290001 | Y12: 1.6980001 | Z12: 0.48400003 | AA12: 7.6360002 | AB12: 14.544001 | AC12: 9.0780001 | AD12: 3.0510001 | AE12: 2.4928629 | AF12: 0.65939456 | AG12: 13.973036 | AH12: 3.4275274 | AI12: 13.02952 | AJ12: 3.2074115 | AK12: 10.751 | AL12: 3.1470001 | AM12: 5.1225924 | AN12: 1.7563621 | AO12: 0 | AP12: 0 | AQ12: 19.032902 | AR12: 6.6239667 | AS12: 5.8940001 | AT12: -1.2090003 | AU12: 1.7685564 | AV12: 0.41751871 | AW12: 3.0790002 | AX12: -1.1110001 | AY12: 6.9560003 | AZ12: 4.802 | BA12: 4.73 | BB12: 1.6100001 | BC12: 3.0030003 | BD12: 0.72300005 | BE12: 0 | BF12: 0 | BG12: 5.9100003 | BH12: 1.692 | BI12: 3.5010002 | BJ12: 0.64700001 | BK12: 0 | BL12: 0 | BM12: 2.608 | BN12: 0.95600003 | BO12: 0 | BP12: 0 | BQ12: 0 | BR12: 0
B13: 0.125 | C13: 0 | D13: 0 | E13: 2.5330002 | F13: 0.48000002 | G13: 20.948002 | H13: 6.5700002 | I13: 4.4193158 | J13: 0.72820961 | K13: 0 | L13: 0 | M13: 9.8354759 | N13: 1.9903373 | O13: 0 | P13: 0 | Q13: 0 | R13: 0 | S13: 8.7875547 | T13: 2.6569774 | U13: 6.7630005 | V13: 1.725 | W13: 7.9490004 | X13: 3.2780001 | Y13: 1.71 | Z13: 0.514 | AA13: 7.5580006 | AB13: 14.667001 | AC13: 9.0780001 | AD13: 2.8060002 | AE13: 2.4671328 | AF13: 0.64346719 | AG13: 13.775322 | AH13: 3.3069627 | AI13: 12.848459 | AJ13: 3.1425035 | AK13: 10.771001 | AL13: 3.006 | AM13: 5.0845103 | AN13: 1.712347 | AO13: 0 | AP13: 0 | AQ13: 18.809891 | AR13: 6.5510283 | AS13: 6.0060005 | AT13: -1.4310002 | AU13: 1.754521 | AV13: 0.3943536 | AW13: 3.0410001 | AX13: -1.1140001 | AY13: 6.6140003 | AZ13: 4.651 | BA13: 4.9480004 | BB13: 1.659 | BC13: 2.9720001 | BD13: 0.70600003 | BE13: 0 | BF13: 0 | BG13: 5.8620005 | BH13: 1.6680001 | BI13: 3.3790002 | BJ13: 0.49900001 | BK13: 0 | BL13: 0 | BM13: 2.7170002 | BN13: 0.98300004 | BO13: 0 | BP13: 0 | BQ13: 0 | BR13: 0
B14: 0.14583333 | C14: 0 | D14: 0 | E14: 2.4820001 | F14: 0.43600002 | G14: 20.948002 | H14: 6.4000001 | I14: 4.2959957 | J14: 0.64235491 | K14: 0 | L14: 0 | M14: 9.7518816 | N14: 1.9746023 | O14: 0 | P14: 0 | Q14: 0 | R14: 0 | S14: 8.7261381 | T14: 2.5080845 | U14: 6.6770005 | V14: 1.6650001 | W14: 7.8970003 | X14: 3.0930002 | Y14: 1.682 | Z14: 0.48000002 | AA14: 7.4910002 | AB14: 14.547001 | AC14: 9.0780001 | AD14: 2.8660002 | AE14: 2.4326425 | AF14: 0.57465518 | AG14: 13.416379 | AH14: 3.1200423 | AI14: 12.668158 | AJ14: 3.0219376 | AK14: 10.535001 | AL14: 2.8740001 | AM14: 5.0125461 | AN14: 1.6653734 | AO14: 0 | AP14: 0 | AQ14: 18.44047 | AR14: 6.1693597 | AS14: 5.8440003 | AT14: -1.4170001 | AU14: 1.7390282 | AV14: 0.38644841 | AW14: 2.881 | AX14: -1.1580001 | AY14: 6.9130001 | AZ14: 4.2210002 | BA14: 5.8200002 | BB14: 2.3820002 | BC14: 2.9260001 | BD14: 0.69200003 | BE14: 0 | BF14: 0 | BG14: 5.6680002 | BH14: 1.5530001 | BI14: 3.4320002 | BJ14: 0.53300005 | BK14: 0 | BL14: 0 | BM14: 2.5740001 | BN14: 0.86200005 | BO14: 0 | BP14: 0 | BQ14: 0 | BR14: 0
B15: 0.16666667 | C15: 0 | D15: 0 | E15: 2.4450002 | F15: 0.40300003 | G15: 20.515001 | H15: 6.2250004 | I15: 4.2391434 | J15: 0.63809818 | K15: 0 | L15: 0 | M15: 9.6737404 | N15: 1.8572474 | O15: 0 | P15: 0 | Q15: 0 | R15: 0 | S15: 8.763217 | T15: 2.5199928 | U15: 6.7080002 | V15: 1.6530001 | W15: 7.9190001 | X15: 3.0410001 | Y15: 1.6900001 | Z15: 0.47300002 | AA15: 7.4160004 | AB15: 14.402 | AC15: 9.0780001 | AD15: 2.7 | AE15: 2.434741 | AF15: 0.59232157 | AG15: 13.312897 | AH15: 2.9879708 | AI15: 12.385852 | AJ15: 2.7873337 | AK15: 10.333 | AL15: 2.7740002 | AM15: 4.9529514 | AN15: 1.5321653 | AO15: 0 | AP15: 0 | AQ15: 18.261221 | AR15: 6.0475297 | AS15: 5.6820002 | AT15: -1.5320001 | AU15: 1.7273117 | AV15: 0.36710128 | AW15: 2.7920001 | AX15: -1.1780001 | AY15: 6.7610002 | AZ15: 3.8200002 | BA15: 6.1500001 | BB15: 2.381 | BC15: 2.9620001 | BD15: 0.74200004 | BE15: 0 | BF15: 0 | BG15: 5.6210003 | BH15: 1.4430001 | BI15: 3.4410002 | BJ15: 0.46100003 | BK15: 0 | BL15: 0 | BM15: 2.5300002 | BN15: 0.80700004 | BO15: 0 | BP15: 0 | BQ15: 0 | BR15: 0
B16: 0.1875 | C16: 0 | D16: 0 | E16: 2.4840002 | F16: 0.41600001 | G16: 20.121 | H16: 6.3150005 | I16: 4.2304444 | J16: 0.67094427 | K16: 0 | L16: 0 | M16: 9.7315483 | N16: 1.840243 | O16: 0 | P16: 0 | Q16: 0 | R16: 0 | S16: 8.9648972 | T16: 2.5668252 | U16: 6.7900004 | V16: 1.6520001 | W16: 7.7870002 | X16: 3.0210001 | Y16: 1.6780001 | Z16: 0.46900001 | AA16: 7.4860005 | AB16: 14.551001 | AC16: 9.0780001 | AD16: 2.8260002 | AE16: 2.4862816 | AF16: 0.61645168 | AG16: 13.339547 | AH16: 3.1165674 | AI16: 12.464735 | AJ16: 2.9635088 | AK16: 10.425 | AL16: 2.8530002 | AM16: 5.1504011 | AN16: 1.6257581 | AO16: 0 | AP16: 0 | AQ16: 18.371317 | AR16: 6.2108507 | AS16: 5.6830006 | AT16: -1.5130002 | AU16: 1.7632556 | AV16: 0.38497117 | AW16: 2.8420002 | AX16: -1.154 | AY16: 6.3380003 | AZ16: 4.1290002 | BA16: 6.1090002 | BB16: 2.5400002 | BC16: 2.9440002 | BD16: 0.64600003 | BE16: 0 | BF16: 0 | BG16: 5.7510004 | BH16: 1.5510001 | BI16: 3.4720001 | BJ16: 0.52100003 | BK16: 0 | BL16: 0 | BM16: 2.4840002 | BN16: 0.90100002 | BO16: 0 | BP16: 0 | BQ16: 0 | BR16: 0
B17: 0.20833333 | C17: 0 | D17: 0 | E17: 2.5800002 | F17: 0.42300001 | G17: 20.576 | H17: 6.3350005 | I17: 4.3025422 | J17: 0.67064786 | K17: 0 | L17: 0 | M17: 10.067868 | N17: 1.8545845 | O17: 0 | P17: 0 | Q17: 0 | R17: 0 | S17: 9.3153868 | T17: 2.6440477 | U17: 6.9960003 | V17: 1.6580001 | W17: 7.9710002 | X17: 3.1140001 | Y17: 1.7600001 | Z17: 0.50200003 | AA17: 7.6950002 | AB17: 14.508 | AC17: 9.0780001 | AD17: 2.8440001 | AE17: 2.5751615 | AF17: 0.59368938 | AG17: 13.445988 | AH17: 3.042258 | AI17: 12.909685 | AJ17: 3.1445918 | AK17: 10.213 | AL17: 2.7930002 | AM17: 5.1521816 | AN17: 1.6252061 | AO17: 0 | AP17: 0 | AQ17: 18.64123 | AR17: 6.2363162 | AS17: 5.6910005 | AT17: -1.4320002 | AU17: 1.805517 | AV17: 0.37040225 | AW17: 2.8600001 | AX17: -1.153 | AY17: 6.6210003 | AZ17: 4.0680003 | BA17: 6.2410002 | BB17: 2.6390002 | BC17: 2.9390001 | BD17: 0.56900001 | BE17: 0 | BF17: 0 | BG17: 5.8400002 | BH17: 1.554 | BI17: 3.4540002 | BJ17: 0.48100004 | BK17: 0 | BL17: 0 | BM17: 2.6550002 | BN17: 0.94600004 | BO17: 0 | BP17: 0 | BQ17: 0 | BR17: 0
B18: 0.22916667 | C18: 0 | D18: 0 | E18: 2.6300001 | F18: 0.40100002 | G18: 20.576 | H18: 6.2610002 | I18: 4.2209482 | J18: 0.62776208 | K18: 0 | L18: 0 | M18: 10.04234 | N18: 1.9593581 | O18: 0 | P18: 0 | Q18: 0 | R18: 0 | S18: 9.792449 | T18: 2.6920829 | U18: 7.2290006 | V18: 1.7360001 | W18: 7.7350001 | X18: 3.0040002 | Y18: 1.7290001 | Z18: 0.41300002 | AA18: 7.7430005 | AB18: 14.512001 | AC18: 9.0780001 | AD18: 2.8690002 | AE18: 2.6661227 | AF18: 0.61267674 | AG18: 13.688897 | AH18: 3.0593879 | AI18: 13.453328 | AJ18: 3.2165356 | AK18: 10.13 | AL18: 2.7270002 | AM18: 5.2549176 | AN18: 1.8030002 | AO18: 0 | AP18: 0 | AQ18: 19.144003 | AR18: 6.3390169 | AS18: 5.5599999 | AT18: -1.1789999 | AU18: 1.8779886 | AV18: 0.38113302 | AW18: 2.8840001 | AX18: -1.154 | AY18: 7.1090002 | AZ18: 4.1480002 | BA18: 6.3300004 | BB18: 2.5860002 | BC18: 3.0050001 | BD18: 0.61400002 | BE18: 0 | BF18: 0 | BG18: 6.0200005 | BH18: 1.5580001 | BI18: 3.5540001 | BJ18: 0.509 | BK18: 0 | BL18: 0 | BM18: 2.605 | BN18: 0.89700001 | BO18: 0 | BP18: 0 | BQ18: 0 | BR18: 0
B19: 0.25 | C19: 0 | D19: 0 | E19: 2.6830001 | F19: 0.51300001 | G19: 20.045 | H19: 6.4420004 | I19: 4.1840277 | J19: 0.71338195 | K19: 0 | L19: 0 | M19: 10.07003 | N19: 2.2455716 | O19: 0 | P19: 0 | Q19: 0 | R19: 0 | S19: 10.268228 | T19: 3.0460074 | U19: 7.3040004 | V19: 2.0150001 | W19: 8.2150002 | X19: 3.1160002 | Y19: 1.728 | Z19: 0.46200001 | AA19: 7.6880002 | AB19: 14.549001 | AC19: 9.0780001 | AD19: 2.9840002 | AE19: 2.7588053 | AF19: 0.6964528 | AG19: 13.615909 | AH19: 3.0896268 | AI19: 13.731799 | AJ19: 3.4903235 | AK19: 9.9980001 | AL19: 2.776 | AM19: 5.1194048 | AN19: 1.8170884 | AO19: 0 | AP19: 0 | AQ19: 19.077995 | AR19: 6.4147673 | AS19: 5.4310002 | AT19: -1.2720001 | AU19: 1.901943 | AV19: 0.35984936 | AW19: 2.7900002 | AX19: -1.2040001 | AY19: 6.9490004 | AZ19: 4.1090002 | BA19: 5.9800005 | BB19: 2.444 | BC19: 3.0680001 | BD19: 0.65000004 | BE19: 0 | BF19: 0 | BG19: 6.1900001 | BH19: 1.6760001 | BI19: 3.5990002 | BJ19: 0.52900004 | BK19: 0 | BL19: 0 | BM19: 2.6530001 | BN19: 0.96500003 | BO19: 0 | BP19: 0 | BQ19: 0 | BR19: 0
... B60: 1 | C60: 0 | D60: 0 | E60: 0 | F60: 0 | G60: 0 | H60: 0 | I60: 0 | J60: 0 | K60: 0 | L60: 0 | M60: 0 | N60: 0 | O60: 0 | P60: 0 | Q60: 0 | R60: 0 | S60: 0 | T60: 0 | U60: 0 | V60: 0 | W60: 0 | X60: 0 | Y60: 0 | Z60: 0 | AA60: 0 | AB60: 0 | AC60: 0 | AD60: 0 | AE60: 0 | AF60: 0 | AG60: 0 | AH60: 0 | AI60: 0 | AJ60: 0 | AK60: 0 | AL60: 0 | AM60: 0 | AN60: 0 | AO60: 0 | AP60: 0 | AQ60: 0 | AR60: 0 | AS60: 0 | AT60: 0 | AU60: 0 | AV60: 0 | AW60: 0 | AX60: 0 | AY60: 0 | AZ60: 0 | BA60: 0 | BB60: 0 | BC60: 0 | BD60: 0 | BE60: 0 | BF60: 0 | BG60: 0 | BH60: 0 | BI60: 0 | BJ60: 0 | BK60: 0 | BL60: 0 | BM60: 0 | BN60: 0 | BO60: 0 | BP60: 0 | BQ60: 0 | BR60: 0
A61: BP SIANG
A62: max | C62: =MAX(C23:C39) | D62: =INDEX(D23:D39,MATCH(C63,$B23:$B39,0)) | E62: =MAX(E23:E39) | F62: =INDEX(F23:F39,MATCH(E63,$B$23:$B$39,0)) | G62: =MAX(G23:G39) | H62: =INDEX(H23:H39,MATCH(G63,$B$23:$B$39,0)) | I62: =MAX(I23:I39) | J62: =INDEX(J23:J39,MATCH(I63,$B$23:$B$39,0)) | K62: =MAX(K23:K39) | L62: =INDEX(L23:L39,MATCH(K63,$B$23:$B$39,0)) | M62: =MAX(M23:M39) | N62: =INDEX(N23:N39,MATCH(M63,$B$23:$B$39,0)) | O62: =MAX(O23:O39) | P62: =INDEX(P23:P39,MATCH(O63,$B$23:$B$39,0)) | Q62: =MAX(Q23:Q39) | R62: =INDEX(R23:R39,MATCH(Q63,$B$23:$B$39,0)) | S62: =MAX(S23:S39) | T62: =INDEX(T23:T39,MATCH(S63,$B$23:$B$39,0)) | U62: =MAX(U23:U39) | V62: =INDEX(V23:V39,MATCH(U63,$B$23:$B$39,0)) | W62: =MAX(W23:W39) | X62: =INDEX(X23:X39,MATCH(W63,$B$23:$B$39,0)) | Y62: =MAX(Y23:Y39) | Z62: =INDEX(Z23:Z39,MATCH(Y63,$B$23:$B$39,0)) | AA62: =MAX(AA$23:AA$39) | AB62: =INDEX(AB23:AB39,MATCH(AA63,$B$23:$B$39,0)) | AC62: =MAX(AC23:AC39) | AD62: =INDEX(AD23:AD39,MATCH(AC63,$B$23:$B$39,0)) | AE62: =MAX(AE23:AE39) | AF62: =INDEX(AF23:AF39,MATCH(AE63,$B$23:$B$39,0)) | AG62: =MAX(AG23:AG39) | AH62: =INDEX(AH23:AH39,MATCH(AG63,$B$23:$B$39,0)) | AI62: =MAX(AI23:AI39) | AJ62: =INDEX(AJ23:AJ39,MATCH(AI63,$B$23:$B$39,0)) | AK62: =MAX(AK23:AK39) | AL62: =INDEX(AL23:AL39,MATCH(AK63,$B$23:$B$39,0)) | AM62: =MAX(AM23:AM39) | AN62: =INDEX(AN23:AN39,MATCH(AM63,$B$23:$B$39,0)) | AO62: =MAX(AO23:AO39) | AP62: =INDEX(AP23:AP39,MATCH(AO63,$B$23:$B$39,0)) | AQ62: =MAX(AQ23:AQ39) | AR62: =INDEX(AR23:AR39,MATCH(AQ63,$B$23:$B$39,0)) | AS62: =MAX(AS23:AS39) | AT62: =INDEX(AT23:AT39,MATCH(AS63,$B$23:$B$39,0)) | AU62: =MAX(AU23:AU39) | AV62: =INDEX(AV23:AV39,MATCH(AU63,$B$23:$B$39,0)) | AW62: =MAX(AW23:AW39) | AX62: =INDEX(AX23:AX39,MATCH(AW63,$B$23:$B$39,0)) | AY62: =MAX(AY23:AY39) | AZ62: =INDEX(AZ23:AZ39,MATCH(AY63,$B$23:$B$39,0)) | BA62: =MAX(BA23:BA39) | BB62: =INDEX(BB23:BB39,MATCH(BA63,$B$23:$B$39,0)) | BC62: =MAX(BC23:BC39) | BD62: =INDEX(BD23:BD39,MATCH(BC63,$B$23:$B$39,0)) | BE62: =MAX(BE23:BE39) | BF62: =INDEX(BF23:BF39,MATCH(BE63,$B$23:$B$39,0)) | BG62: =MAX(BG23:BG39) | BH62: =INDEX(BH23:BH39,MATCH(BG63,$B$23:$B$39,0)) | BI62: =MAX(BI23:BI39) | BJ62: =INDEX(BJ23:BJ39,MATCH(BI63,$B$23:$B$39,0)) | BK62: =MAX(BK23:BK39) | BL62: =INDEX(BL23:BL39,MATCH(BK63,$B$23:$B$39,0)) | BM62: =MAX(BM23:BM39) | BN62: =INDEX(BN23:BN39,MATCH(BM63,$B$23:$B$39,0)) | BO62: =MAX(BO23:BO39) | BP62: =INDEX(BP23:BP39,MATCH(BO63,$B$23:$B$39,0)) | BQ62: =MAX(BQ23:BQ39) | BR62: =INDEX(BR23:BR39,MATCH(BQ63,$B$23:$B$39,0))
A63: time | C63: =INDEX($B23:$B39,MATCH(C62,C23:C39,0)) | E63: =INDEX($B$23:$B$39,MATCH(E62,E23:E39,0)) | G63: =INDEX($B$23:$B$39,MATCH(G62,G23:G39,0)) | I63: =INDEX($B$23:$B$39,MATCH(I62,I23:I39,0)) | K63: =INDEX($B$23:$B$39,MATCH(K62,K23:K39,0)) | M63: =INDEX($B$23:$B$39,MATCH(M62,M23:M39,0)) | O63: =INDEX($B$23:$B$39,MATCH(O62,O23:O39,0)) | Q63: =INDEX($B$23:$B$39,MATCH(Q62,Q23:Q39,0)) | S63: =INDEX($B$23:$B$39,MATCH(S62,S23:S39,0)) | U63: =INDEX($B$23:$B$39,MATCH(U62,U23:U39,0)) | W63: =INDEX($B$23:$B$39,MATCH(W62,W23:W39,0)) | Y63: =INDEX($B$23:$B$39,MATCH(Y62,Y23:Y39,0)) | AA63: =INDEX($B$23:$B$39,MATCH(AA62,AA23:AA39,0)) | AC63: =INDEX($B$23:$B$39,MATCH(AC62,AC23:AC39,0)) | AE63: =INDEX($B$23:$B$39,MATCH(AE62,AE23:AE39,0)) | AG63: =INDEX($B$23:$B$39,MATCH(AG62,AG23:AG39,0)) | AI63: =INDEX($B$23:$B$39,MATCH(AI62,AI23:AI39,0)) | AK63: =INDEX($B$23:$B$39,MATCH(AK62,AK23:AK39,0)) | AM63: =INDEX($B$23:$B$39,MATCH(AM62,AM23:AM39,0)) | AO63: =INDEX($B$23:$B$39,MATCH(AO62,AO23:AO39,0)) | AQ63: =INDEX($B$23:$B$39,MATCH(AQ62,AQ23:AQ39,0)) | AS63: =INDEX($B$23:$B$39,MATCH(AS62,AS23:AS39,0)) | AU63: =INDEX($B$23:$B$39,MATCH(AU62,AU23:AU39,0)) | AW63: =INDEX($B$23:$B$39,MATCH(AW62,AW23:AW39,0)) | AY63: =INDEX($B$23:$B$39,MATCH(AY62,AY23:AY39,0)) | BA63: =INDEX($B$23:$B$39,MATCH(BA62,BA23:BA39,0)) | BC63: =INDEX($B$23:$B$39,MATCH(BC62,BC23:BC39,0)) | BE63: =INDEX($B$23:$B$39,MATCH(BE62,BE23:BE39,0)) | BG63: =INDEX($B$23:$B$39,MATCH(BG62,BG23:BG39,0)) | BI63: =INDEX($B$23:$B$39,MATCH(BI62,BI23:BI39,0)) | BK63: =INDEX($B$23:$B$39,MATCH(BK62,BK23:BK39,0)) | BM63: =INDEX($B$23:$B$39,MATCH(BM62,BM23:BM39,0)) | BO63: =INDEX($B$23:$B$39,MATCH(BO62,BO23:BO39,0)) | BQ63: =INDEX($B$23:$B$39,MATCH(BQ62,BQ23:BQ39,0))
A64: average | C64: =AVERAGE(C$23:C$39) | D64: =AVERAGE(D$23:D$39) | E64: =AVERAGE(E$23:E$39) | F64: =AVERAGE(F$23:F$39) | G64: =AVERAGE(G$23:G$39) | H64: =AVERAGE(H$23:H$39) | I64: =AVERAGE(I$23:I$39) | J64: =AVERAGE(J$23:J$39) | ... BR64: =AVERAGE(BR$23:BR$39)
A66: BP MALAM
A67: max | C67: =MAX(C$40:C$56) | D67: =INDEX(D40:D56,MATCH(C68,$B40:$B56,0)) | E67: =MAX(E40:E56) | F67: =INDEX(F40:F56,MATCH(E68,$B40:$B56,0)) | G67: =MAX(G40:G56) | H67: =INDEX(H40:H56,MATCH(G68,$B40:$B56,0)) | I67: =MAX(I40:I56) | J67: =INDEX(J40:J56,MATCH(I68,$B40:$B56,0)) | K67: =MAX(K40:K56) | L67: =INDEX(L40:L56,MATCH(K68,$B40:$B56,0)) | M67: =MAX(M40:M56) | N67: =INDEX(N40:N56,MATCH(M68,$B40:$B56,0)) | O67: =MAX(O40:O56) | P67: =INDEX(P40:P56,MATCH(O68,$B40:$B56,0)) | Q67: =MAX(Q40:Q56) | R67: =INDEX(R40:R56,MATCH(Q68,$B40:$B56,0)) | S67: =MAX(S40:S56) | T67: =INDEX(T40:T56,MATCH(S68,$B40:$B56,0)) | U67: =MAX(U40:U56) | V67: =INDEX(V40:V56,MATCH(U68,$B40:$B56,0)) | W67: =MAX(W40:W56) | X67: =INDEX(X40:X56,MATCH(W68,$B40:$B56,0)) | Y67: =MAX(Y40:Y56) | Z67: =INDEX(Z40:Z56,MATCH(Y68,$B40:$B56,0)) | AA67: =MAX(AA40:AA56) | AB67: =INDEX(AB40:AB56,MATCH(AA68,$B40:$B56,0)) | AC67: =MAX(AC40:AC56) | AD67: =INDEX(AD40:AD56,MATCH(AC68,$B40:$B56,0)) | AE67: =MAX(AE40:AE56) | AF67: =INDEX(AF40:AF56,MATCH(AE68,$B40:$B56,0)) | AG67: =MAX(AG40:AG56) | AH67: =INDEX(AH40:AH56,MATCH(AG68,$B40:$B56,0)) | AI67: =MAX(AI40:AI56) | AJ67: =INDEX(AJ40:AJ56,MATCH(AI68,$B40:$B56,0)) | AK67: =MAX(AK40:AK56) | AL67: =INDEX(AL40:AL56,MATCH(AK68,$B40:$B56,0)) | AM67: =MAX(AM40:AM56) | AN67: =INDEX(AN40:AN56,MATCH(AM68,$B40:$B56,0)) | AO67: =MAX(AO40:AO56) | AP67: =INDEX(AP40:AP56,MATCH(AO68,$B40:$B56,0)) | AQ67: =MAX(AQ40:AQ56) | AR67: =INDEX(AR40:AR56,MATCH(AQ68,$B40:$B56,0)) | AS67: =MAX(AS40:AS56) | AT67: =INDEX(AT40:AT56,MATCH(AS68,$B40:$B56,0)) | AU67: =MAX(AU40:AU56) | AV67: =INDEX(AV40:AV56,MATCH(AU68,$B40:$B56,0)) | AW67: =MAX(AW40:AW56) | AX67: =INDEX(AX40:AX56,MATCH(AW68,$B40:$B56,0)) | AY67: =MAX(AY40:AY56) | AZ67: =INDEX(AZ40:AZ56,MATCH(AY68,$B40:$B56,0)) | BA67: =MAX(BA40:BA56) | BB67: =INDEX(BB40:BB56,MATCH(BA68,$B40:$B56,0)) | BC67: =MAX(BC40:BC56) | BD67: =INDEX(BD40:BD56,MATCH(BC68,$B40:$B56,0)) | BE67: =MAX(BE40:BE56) | BF67: =INDEX(BF40:BF56,MATCH(BE68,$B40:$B56,0)) | BG67: =MAX(BG40:BG56) | BH67: =INDEX(BH40:BH56,MATCH(BG68,$B40:$B56,0)) | BI67: =MAX(BI40:BI56) | BJ67: =INDEX(BJ40:BJ56,MATCH(BI68,$B40:$B56,0)) | BK67: =MAX(BK40:BK56) | BL67: =INDEX(BL40:BL56,MATCH(BK68,$B40:$B56,0)) | BM67: =MAX(BM40:BM56) | BN67: =INDEX(BN40:BN56,MATCH(BM68,$B40:$B56,0)) | BO67: =MAX(BO40:BO56) | BP67: =INDEX(BP40:BP56,MATCH(BO68,$B40:$B56,0)) | BQ67: =MAX(BQ40:BQ56) | BR67: =INDEX(BR40:BR56,MATCH(BQ68,$B40:$B56,0))
A68: time | C68: =INDEX($B40:$B56,MATCH(C67,C40:C56,0)) | E68: =INDEX($B40:$B56,MATCH(E67,E40:E56,0)) | G68: =INDEX($B40:$B56,MATCH(G67,G40:G56,0)) | I68: =INDEX($B40:$B56,MATCH(I67,I40:I56,0)) | K68: =INDEX($B40:$B56,MATCH(K67,K40:K56,0)) | M68: =INDEX($B40:$B56,MATCH(M67,M40:M56,0)) | O68: =INDEX($B40:$B56,MATCH(O67,O40:O56,0)) | Q68: =INDEX($B40:$B56,MATCH(Q67,Q40:Q56,0)) | S68: =INDEX($B40:$B56,MATCH(S67,S40:S56,0)) | U68: =INDEX($B40:$B56,MATCH(U67,U40:U56,0)) | W68: =INDEX($B40:$B56,MATCH(W67,W40:W56,0)) | Y68: =INDEX($B40:$B56,MATCH(Y67,Y40:Y56,0)) | AA68: =INDEX($B40:$B56,MATCH(AA67,AA40:AA56,0)) | AC68: =INDEX($B40:$B56,MATCH(AC67,AC40:AC56,0)) | AE68: =INDEX($B40:$B56,MATCH(AE67,AE40:AE56,0)) | AG68: =INDEX($B40:$B56,MATCH(AG67,AG40:AG56,0)) | AI68: =INDEX($B40:$B56,MATCH(AI67,AI40:AI56,0)) | AK68: =INDEX($B40:$B56,MATCH(AK67,AK40:AK56,0)) | AM68: =INDEX($B40:$B56,MATCH(AM67,AM40:AM56,0)) | AO68: =INDEX($B40:$B56,MATCH(AO67,AO40:AO56,0)) | AQ68: =INDEX($B40:$B56,MATCH(AQ67,AQ40:AQ56,0)) | AS68: =INDEX($B40:$B56,MATCH(AS67,AS40:AS56,0)) | AU68: =INDEX($B40:$B56,MATCH(AU67,AU40:AU56,0)) | AW68: =INDEX($B40:$B56,MATCH(AW67,AW40:AW56,0)) | AY68: =INDEX($B40:$B56,MATCH(AY67,AY40:AY56,0)) | BA68: =INDEX($B40:$B56,MATCH(BA67,BA40:BA56,0)) | BC68: =INDEX($B40:$B56,MATCH(BC67,BC40:BC56,0)) | BE68: =INDEX($B40:$B56,MATCH(BE67,BE40:BE56,0)) | BG68: =INDEX($B40:$B56,MATCH(BG67,BG40:BG56,0)) | BI68: =INDEX($B40:$B56,MATCH(BI67,BI40:BI56,0)) | BK68: =INDEX($B40:$B56,MATCH(BK67,BK40:BK56,0)) | BM68: =INDEX($B40:$B56,MATCH(BM67,BM40:BM56,0)) | BO68: =INDEX($B40:$B56,MATCH(BO67,BO40:BO56,0)) | BQ68: =INDEX($B40:$B56,MATCH(BQ67,BQ40:BQ56,0))
A69: average | C69: =AVERAGE(C$40:C$56) | D69: =AVERAGE(D$40:D$56) | E69: =AVERAGE(E$40:E$56) | F69: =AVERAGE(F$40:F$56) | G69: =AVERAGE(G$40:G$56) | H69: =AVERAGE(H$40:H$56) | I69: =AVERAGE(I$40:I$56) | J69: =AVERAGE(J$40:J$56) | ... BR69: =AVERAGE(BR$40:BR$56)
B73: MW MVAR 70KV LINE TRANSMISSION
C74: G I RANOMUUT | K74: G I BITUNG | S74: G I LIKUPANG | W74: G I SAWANGAN | AQ74: PLTA TANGGARI 1 | AU74: PLTA TANGGARI 2 | AY74: PLTA TONSEALAMA | BC74: G I TONSEALAMA | BK74: G I TELING | BS74: G I TASIKRIA | BW74: G I TOMOHON 70 KV | CI74: PT MSM 70 KV
B75: JAM | C75: TELING | E75: TELING | G75: SAWANGAN | I75: SAWANGAN | K75: SAWANGAN | M75: SAWANGAN | O75: MSM | Q75: LIKUPANG | S75: MSM | U75: BITUNG | W75: PLTA TANGGARI 1 | Y75: PLTA TANGGARI 1 | AA75: TONSEALAMA | AC75: TONSEALAMA | AE75: BITUNG | AG75: BITUNG | AI75: RANOMUUT | AK75: RANOMUUT | AM75: PLTA TANGGARI 2 | AO75: PLTA TANGGARI 2 | AQ75: SAWANGAN | AS75: SAWANGAN | AU75: SAWANGAN | AW75: SAWANGAN | AY75: GI TONSEALAMA | BA75: GI TONSEALAMA | BC75: SAWANGAN | BE75: SAWANGAN | BG75: TOMOHON | BI75: TOMOHON | BK75: TOMOHON | BM75: TOMOHON | BO75: RANOMUUT | BQ75: RANOMUUT | BS75: TOMOHON | BU75: TOMOHON | BW75: TELING | BY75: TELING | CA75: TONSEALAMA | CC75: TONSEALAMA | CE75: TASIKRIA | CG75: TASIKRIA | CI75: BITUNG | CK75: LIKUPANG
C76: LINE 1 | E76: LINE 2 | G76: LINE 1 | I76: LINE 2 | K76: LINE 1 | M76: LINE 2 | O76: LINE 1 | Q76: LINE 1 | S76: LINE 1 | U76: LINE 1 | W76: LINE 1 | Y76: LINE 2 | AA76: LINE 1 | AC76: LINE 2 | AE76: LINE 1 | AG76: LINE 2 | AI76: LINE 1 | AK76: LINE 2 | AM76: LINE 1 | AO76: LINE 2 | AQ76: LINE 1 | AS76: LINE 2 | AU76: LINE 1 | AW76: LINE 2 | AY76: LINE 1 | BA76: LINE 2 | BC76: LINE 1 | BE76: LINE 2 | BG76: LINE 1 | BI76: LINE 2 | BK76: LINE 1 | BM76: LINE 2 | BO76: LINE 1 | BQ76: LINE 2 | BS76: LINE 1 | BU76: LINE 2 | BW76: LINE 1 | BY76: LINE 2 | CA76: LINE 1 | CC76: LINE 2 | CE76: LINE 1 | CG76: LINE 2 | CI76: LINE 1 | CK76: LINE 2
C77: MW | D77: MVAR | E77: MW | F77: MVAR | G77: MW | H77: MVAR | I77: MW | J77: MVAR | K77: MW | L77: MVAR | M77: MW | N77: MVAR | O77: MW | P77: MVAR | Q77: MW | R77: MVAR | S77: MW | T77: MVAR | U77: MW | V77: MVAR | W77: MW | X77: MVAR | Y77: MW | Z77: MVAR | AA77: MW | AB77: MVAR | AC77: MW | AD77: MVAR | AE77: MW | AF77: MVAR | AG77: MW | AH77: MVAR | AI77: MW | AJ77: MVAR | AK77: MW | AL77: MVAR | AM77: MW | AN77: MVAR | AO77: MW | AP77: MVAR | AQ77: MW | AR77: MVAR | AS77: MW | AT77: MVAR | AU77: MW | AV77: MVAR | AW77: MW | AX77: MVAR | AY77: MW | AZ77: MVAR | BA77: MW | BB77: MVAR | BC77: MW | BD77: MVAR | BE77: MW | BF77: MVAR | BG77: MW | BH77: MVAR | BI77: MW | BJ77: MVAR | BK77: MW | BL77: MVAR | BM77: MW | BN77: MVAR | BO77: MW | BP77: MVAR | BQ77: MW | BR77: MVAR | BS77: MW | BT77: MVAR | BU77: MW | BV77: MVAR | BW77: MW | BX77: MVAR | BY77: MW | BZ77: MVAR | CA77: MW | CB77: MVAR | CC77: MW | CD77: MVAR | CE77: MW | CF77: MVAR | CG77: MW | CH77: MVAR | CI77: MW | CJ77: MVAR | CK77: MW | CL77: MVAR
B78: 0
B79: 0.020833333 | C79: -12.175 | D79: -2.0150001 | E79: -11.661 | F79: -1.223 | G79: 0.96300006 | H79: -1.4770001 | I79: 0.96400005 | J79: -1.4710001 | K79: -17.488001 | L79: 1.9160001 | M79: -18.473001 | N79: 0.85200006 | O79: 9.46 | P79: -6.3570004 | Q79: 6.6320004 | R79: -7.4980001 | S79: 3.4900002 | T79: 10.219001 | U79: -6.7210002 | V79: 7.3280005 | W79: 0.001 | X79: -0.039000001 | Y79: -6.9920001 | Z79: -1.1850001 | AA79: -13.461 | AB79: -0.56900001 | AC79: -13.316001 | AD79: -0.47200003 | AE79: 11.905001 | AF79: -1.016 | AG79: 18.865002 | AH79: -0.14600001 | AI79: -0.91800004 | AJ79: 1.2130001 | AK79: -0.92500007 | AL79: 1.25 | AM79: 0 | AN79: 0 | AO79: -3.3329999 | AP79: -0.38100001 | AQ79: 0 | AR79: 0 | AS79: 0.115 | AT79: 0.014 | AU79: 2.2440002 | AV79: 0.13500001 | AW79: 2.227 | AX79: 0.17 | AY79: 0 | AZ79: 0 | BA79: 2.0180001 | BB79: 1.6625488 | BC79: 14.211 | BD79: 3.8420002 | BE79: 14.340001 | BF79: 3.8540001 | BG79: -12.381001 | BH79: -3.6850002 | BI79: -12.362 | BJ79: -3.7110002 | BK79: -10.734 | BL79: -0.97800004 | BM79: -10.721001 | BN79: -0.96800005 | BO79: 12.126 | BP79: 2.079 | BQ79: 11.523 | BR79: 0.90899998 | BS79: -1.927 | BT79: -0.43900001 | BU79: -1.9330001 | BV79: -0.44500002 | BW79: 10.903001 | BX79: 0.82500005 | BY79: 10.925 | BZ79: 0.79500002 | CA79: 13.312 | CB79: 0.583 | CC79: 13.458 | CD79: 0.54400003 | CE79: 2.0370002 | CF79: 0.15000001 | CG79: 1.9650002 | CH79: 0.14300001 | CI79: -9.6282272 | CJ79: 6.1668425 | CK79: -6.012393 | CL79: -10.217578
B80: 0.041666667 | C80: -11.945001 | D80: -1.9820001 | E80: -11.429001 | F80: -1.2080001 | G80: 1.0270001 | H80: -1.4250001 | I80: 1.067 | J80: -1.4490001 | K80: -17.479 | L80: 1.9510001 | M80: -18.597 | N80: 0.82500005 | O80: 9.3950005 | P80: -6.3960004 | Q80: 6.5100002 | R80: -7.5490003 | S80: 3.4190001 | T80: 10.248 | U80: -6.5890002 | V80: 7.3820004 | W80: 0.001 | X80: -0.038000003 | Y80: -6.9690003 | Z80: -1.115 | AA80: -13.296 | AB80: -0.50300002 | AC80: -13.264001 | AD80: -0.43600002 | AE80: 11.995001 | AF80: -1.0250001 | AG80: 18.973001 | AH80: -0.12400001 | AI80: -1.079 | AJ80: 1.2010001 | AK80: -1.072 | AL80: 1.2370001 | AM80: 0 | AN80: 0 | AO80: -3.3930001 | AP80: -0.477 | AQ80: 0 | AR80: 0 | AS80: 0.10700001 | AT80: 0.017000001 | AU80: 2.2360001 | AV80: 0.18100001 | AW80: 2.2680001 | AX80: 0.2 | AY80: 0 | AZ80: 0 | BA80: 1.9910001 | BB80: 1.6625488 | BC80: 14.211 | BD80: 3.8420002 | BE80: 14.340001 | BF80: 3.8540001 | BG80: -12.381001 | BH80: -3.6850002 | BI80: -12.362 | BJ80: -3.7110002 | BK80: -10.514001 | BL80: -0.91200006 | BM80: -10.509001 | BN80: -0.91200006 | BO80: 11.858001 | BP80: 2.0510001 | BQ80: 11.352 | BR80: 0.90899998 | BS80: -1.8560001 | BT80: -0.41200003 | BU80: -1.8790001 | BV80: -0.42500001 | BW80: 10.678 | BX80: 0.76200002 | BY80: 10.726001 | BZ80: 0.74000001 | CA80: 13.285001 | CB80: 0.57500005 | CC80: 13.397 | CD80: 0.48300001 | CE80: 1.9670001 | CF80: 0.13600001 | CG80: 1.8970001 | CH80: 0.12400001 | CI80: -9.6282272 | CJ80: 6.2117772 | CK80: -6.012393 | CL80: -10.213326
B81: 0.0625 | C81: -11.762 | D81: -2.0020001 | E81: -11.287001 | F81: -1.217 | G81: 1.0890001 | H81: -1.4590001 | I81: 1.082 | J81: -1.4230001 | K81: -17.353001 | L81: 1.9910001 | M81: -18.346001 | N81: 0.91600007 | O81: 9.309 | P81: -6.4740005 | Q81: 6.4770002 | R81: -7.6130004 | S81: 3.3640001 | T81: 10.295 | U81: -6.4380002 | V81: 7.5080004 | W81: 0.001 | X81: -0.039000001 | Y81: -7.0240002 | Z81: -1.0710001 | AA81: -13.128 | AB81: -0.43100002 | AC81: -12.995001 | AD81: -0.32900003 | AE81: 11.917001 | AF81: -1.057 | AG81: 18.695002 | AH81: -0.266 | AI81: -1.067 | AJ81: 1.2080001 | AK81: -1.0350001 | AL81: 1.2190001 | AM81: 0 | AN81: 0 | AO81: -3.3540001 | AP81: -0.426 | AQ81: 0 | AR81: 0 | AS81: 0.11300001 | AT81: 0.019000001 | AU81: 2.2690001 | AV81: 0.16900001 | AW81: 2.2710001 | AX81: 0.193 | AY81: 0 | AZ81: 0 | BA81: 2.0180001 | BB81: 1.6625488 | BC81: 14.211 | BD81: 3.8420002 | BE81: 14.340001 | BF81: 3.8540001 | BG81: -12.381001 | BH81: -3.6850002 | BI81: -12.362 | BJ81: -3.7110002 | BK81: -10.355 | BL81: -0.85200006 | BM81: -10.334001 | BN81: -0.82600003 | BO81: 11.685 | BP81: 2.0610001 | BQ81: 11.115 | BR81: 0.95100003 | BS81: -1.83 | BT81: -0.43300003 | BU81: -1.8440001 | BV81: -0.44900003 | BW81: 10.517 | BX81: 0.69100004 | BY81: 10.530001 | BZ81: 0.65500003 | CA81: 13.074 | CB81: 0.51000005 | CC81: 13.154 | CD81: 0.42700002 | CE81: 1.9380001 | CF81: 0.134 | CG81: 1.863 | CH81: 0.123 | CI81: -9.6282272 | CJ81: 6.3085752 | CK81: -6.012393 | CL81: -10.276577
B82: 0.083333333 | C82: -10.954 | D82: -1.9460001 | E82: -10.559001 | F82: -1.273 | G82: 0.551 | H82: -1.4560001 | I82: 0.56400001 | J82: -1.5350001 | K82: -16.399 | L82: 2.1860001 | M82: -17.368 | N82: 1.1910001 | O82: 9.0950003 | P82: -6.4980001 | Q82: 6.2860003 | R82: -7.6440005 | S82: 3.3650002 | T82: 10.313001 | U82: -6.3010001 | V82: 7.4990005 | W82: -0.0020000001 | X82: -0.039000001 | Y82: -7.0300002 | Z82: -1.011 | AA82: -12.482 | AB82: -0.27100003 | AC82: -12.362 | AD82: -0.18200001 | AE82: 11.306001 | AF82: -1.2460001 | AG82: 17.698 | AH82: -0.60700005 | AI82: -0.537 | AJ82: 1.2190001 | AK82: -0.59300005 | AL82: 1.2620001 | AM82: 0 | AN82: 0 | AO82: -3.339 | AP82: -0.384 | AQ82: 0 | AR82: 0 | AS82: 0.11300001 | AT82: 0.022000002 | AU82: 2.2210002 | AV82: 0.15300001 | AW82: 2.2450001 | AX82: 0.17600001 | AY82: 0 | AZ82: 0 | BA82: 2.2080002 | BB82: 1.6625488 | BC82: 14.211 | BD82: 3.8420002 | BE82: 14.340001 | BF82: 3.8540001 | BG82: -12.381001 | BH82: -3.6850002 | BI82: -12.362 | BJ82: -3.7110002 | BK82: -10.065001 | BL82: -0.86700004 | BM82: -10.048 | BN82: -0.85100001 | BO82: 10.991 | BP82: 2.0210001 | BQ82: 10.458 | BR82: 0.99599999 | BS82: -1.7900001 | BT82: -0.45900002 | BU82: -1.8150001 | BV82: -0.47300002 | BW82: 10.248 | BX82: 0.70300001 | BY82: 10.258 | BZ82: 0.67800003 | CA82: 12.129001 | CB82: 0.48900002 | CC82: 12.183001 | CD82: 0.40300003 | CE82: 1.909 | CF82: 0.164 | CG82: 1.8330001 | CH82: 0.15400001 | CI82: -9.6282272 | CJ82: 6.3112578 | CK82: -6.012393 | CL82: -10.265355
B83: 0.10416667 | C83: -10.825001 | D83: -1.664 | E83: -10.329 | F83: -1.008 | G83: 0.48400003 | H83: -1.733 | I83: 0.53000003 | J83: -1.7980001 | K83: -15.925001 | L83: 2.8430002 | M83: -16.879002 | N83: 1.9170001 | O83: 9.0700006 | P83: -6.7920003 | Q83: 6.2720003 | R83: -7.9040003 | S83: 3.3100002 | T83: 10.342001 | U83: -6.3180003 | V83: 7.7550006 | W83: 0.0020000001 | X83: -0.040000003 | Y83: -7.0540004 | Z83: -0.92300004 | AA83: -12.149 | AB83: 0.266 | AC83: -12.063001 | AD83: 0.32900003 | AE83: 10.896001 | AF83: -1.7320001 | AG83: 17.301001 | AH83: -1.4080001 | AI83: -0.51800001 | AJ83: 1.485 | AK83: -0.45900002 | AL83: 1.5180001 | AM83: 0 | AN83: 0 | AO83: -3.378 | AP83: -0.40200001 | AQ83: 0 | AR83: 0 | AS83: 0.116 | AT83: 0.026000001 | AU83: 2.2720001 | AV83: 0.15300001 | AW83: 2.2570002 | AX83: 0.192 | AY83: 0 | AZ83: 0 | BA83: 2.0550001 | BB83: 1.6625488 | BC83: 14.211 | BD83: 3.8420002 | BE83: 14.340001 | BF83: 3.8540001 | BG83: -12.381001 | BH83: -3.6850002 | BI83: -12.362 | BJ83: -3.7110002 | BK83: -9.9140005 | BL83: -0.69400001 | BM83: -9.8800001 | BN83: -0.68700004 | BO83: 10.76 | BP83: 1.7690001 | BQ83: 10.14 | BR83: 0.75599998 | BS83: -1.7640001 | BT83: -0.44400004 | BU83: -1.7950001 | BV83: -0.44800001 | BW83: 10.055 | BX83: 0.51700002 | BY83: 10.058001 | BZ83: 0.48600003 | CA83: 11.871 | CB83: 0.013 | CC83: 11.931001 | CD83: -0.066 | CE83: 1.8780001 | CF83: 0.14400001 | CG83: 1.8050001 | CH83: 0.132 | CI83: -9.6282272 | CJ83: 6.6161647 | CK83: -6.012393 | CL83: -10.347016
B84: 0.125 | C84: -10.914001 | D84: -1.628 | E84: -10.424001 | F84: -0.94300002 | G84: 0.64000005 | H84: -1.723 | I84: 0.61200005 | J84: -1.7410001 | K84: -16.187 | L84: 2.8640001 | M84: -17.132 | N84: 1.9100001 | O84: 9.5110006 | P84: -6.6670003 | Q84: 6.5710001 | R84: -7.8410006 | S84: 3.6010001 | T84: 10.583 | U84: -6.5770001 | V84: 7.7080002 | W84: 0 | X84: -0.038000003 | Y84: -6.9350004 | Z84: -0.94200003 | AA84: -12.176001 | AB84: 0.35900003 | AC84: -11.995001 | AD84: 0.43900001 | AE84: 11.031 | AF84: -1.7490001 | AG84: 17.390001 | AH84: -1.457 | AI84: -0.59300005 | AJ84: 1.4720001 | AK84: -0.61900002 | AL84: 1.4910001 | AM84: 0 | AN84: 0 | AO84: -3.3570001 | AP84: -0.42000002 | AQ84: 0 | AR84: 0 | AS84: 0.123 | AT84: 0.025 | AU84: 2.263 | AV84: 0.13800001 | AW84: 2.2690001 | AX84: 0.16100001 | AY84: 0 | AZ84: 0 | BA84: 1.8780001 | BB84: 1.6625488 | BC84: 14.211 | BD84: 3.8420002 | BE84: 14.340001 | BF84: 3.8540001 | BG84: -12.381001 | BH84: -3.6850002 | BI84: -12.362 | BJ84: -3.7110002 | BK84: -9.8650007 | BL84: -0.55300003 | BM84: -9.8660002 | BN84: -0.54500002 | BO84: 10.877001 | BP84: 1.664 | BQ84: 10.269 | BR84: 0.64499998 | BS84: -1.7270001 | BT84: -0.41600001 | BU84: -1.7540001 | BV84: -0.43800002 | BW84: 10.005 | BX84: 0.39600003 | BY84: 10.043 | BZ84: 0.35000002 | CA84: 11.966001 | CB84: -0.084000006 | CC84: 12.087001 | CD84: -0.17400001 | CE84: 1.8380001 | CF84: 0.12200001 | CG84: 1.7550001 | CH84: 0.10200001 | CI84: -9.6282272 | CJ84: 6.5511012 | CK84: -6.012393 | CL84: -10.545814
B85: 0.14583333 | C85: -10.945001 | D85: -3.3640001 | E85: -10.516001 | F85: -2.5780001 | G85: 0.91800004 | H85: 0.155 | I85: 1.011 | J85: 0.16700001 | K85: -16.542002 | L85: -1.7650001 | M85: -17.418001 | N85: -3.0280001 | O85: 9.2250004 | P85: -1.8010001 | Q85: 6.3790002 | R85: -2.8770001 | S85: 3.4470003 | T85: 5.4240003 | U85: -6.5060005 | V85: 2.5080001 | W85: 0 | X85: -0.038000003 | Y85: -6.9260001 | Z85: -1.2240001 | AA85: -12.274 | AB85: -2.4870002 | AC85: -12.112 | AD85: -2.3940001 | AE85: 11.392 | AF85: 1.4180001 | AG85: 17.589001 | AH85: 3.5630002 | AI85: -0.96500003 | AJ85: -0.41200003 | AK85: -0.98000002 | AL85: -0.39700001 | AM85: 0 | AN85: 0 | AO85: -3.381 | AP85: -0.405 | AQ85: 0 | AR85: 0 | AS85: 0.12200001 | AT85: 0.031000001 | AU85: 2.2520001 | AV85: 0.147 | AW85: 2.2770002 | AX85: 0.16800001 | AY85: 0 | AZ85: 0 | BA85: 1.988 | BB85: 1.6625488 | BC85: 14.211 | BD85: 3.8420002 | BE85: 14.340001 | BF85: 3.8540001 | BG85: -12.381001 | BH85: -3.6850002 | BI85: -12.362 | BJ85: -3.7110002 | BK85: -9.7180004 | BL85: -0.98800004 | BM85: -9.6880007 | BN85: -0.96400005 | BO85: 10.883 | BP85: 3.4010003 | BQ85: 10.449 | BR85: 2.2980001 | BS85: -1.6910001 | BT85: -0.39100003 | BU85: -1.725 | BV85: -0.39900002 | BW85: 9.8510008 | BX85: 0.84800005 | BY85: 9.8670006 | BZ85: 0.79200006 | CA85: 12.007001 | CB85: 2.3570001 | CC85: 12.119 | CD85: 2.306 | CE85: 1.8100001 | CF85: 0.089000002 | CG85: 1.7190001 | CH85: 0.072000004 | CI85: -9.6282272 | CJ85: 1.6069881 | CK85: -6.012393 | CL85: -5.5302105
B86: 0.16666667 | C86: -12.308001 | D86: -4.5540004 | E86: -11.944 | F86: -3.5780001 | G86: 2.3730001 | H86: 1.434 | I86: 2.4970002 | J86: 1.48 | K86: -19.881001 | L86: -4.5950003 | M86: -20.549002 | N86: -6.1610003 | O86: 13.31 | P86: 2.309 | Q86: 8.9320002 | R86: -0.17600001 | S86: 5.8970003 | T86: 7.2160006 | U86: -8.882 | V86: -0.027000001 | W86: 0.0020000001 | X86: -0.038000003 | Y86: -6.8520002 | Z86: -1.6800001 | AA86: -14.264001 | AB86: -4.5140004 | AC86: -14.131001 | AD86: -4.4500003 | AE86: 13.754001 | AF86: 3.5730002 | AG86: 21.093 | AH86: 7.2890005 | AI86: -2.46 | AJ86: -1.7460001 | AK86: -2.5450001 | AL86: -1.7290001 | AM86: 0 | AN86: 0 | AO86: -3.378 | AP86: -0.43200001 | AQ86: 0 | AR86: 0 | AS86: 0.10700001 | AT86: 0.026000001 | AU86: 2.2520001 | AV86: 0.155 | AW86: 2.2820001 | AX86: 0.177 | AY86: 0 | AZ86: 0 | BA86: 2.003 | BB86: 1.6625488 | BC86: 14.211 | BD86: 3.8420002 | BE86: 14.340001 | BF86: 3.8540001 | BG86: -12.381001 | BH86: -3.6850002 | BI86: -12.362 | BJ86: -3.7110002 | BK86: -9.9460001 | BL86: -1.2520001 | BM86: -9.9550009 | BN86: -1.2570001 | BO86: 12.308001 | BP86: 4.5910001 | BQ86: 11.943 | BR86: 3.2639999 | BS86: -1.6750001 | BT86: -0.347 | BU86: -1.6910001 | BV86: -0.36000001 | BW86: 10.111 | BX86: 1.102 | BY86: 10.142 | BZ86: 1.0810001 | CA86: 13.973001 | CB86: 3.9820001 | CC86: 14.126 | CD86: 3.9800003 | CE86: 1.7720001 | CF86: 0.069000006 | CG86: 1.697 | CH86: 0.059000004 | CI86: -9.6282272 | CJ86: -2.1702852 | CK86: -6.012393 | CL86: -7.278203
B87: 0.1875 | C87: -12.324 | D87: -3.0460002 | E87: -11.859 | F87: -2.207 | G87: 2.3110001 | H87: -0.30600002 | I87: 2.322 | J87: -0.303 | K87: -19.615002 | L87: -0.40300003 | M87: -20.572001 | N87: -1.7220001 | O87: 13.400001 | P87: -2.3400002 | Q87: 8.9590006 | R87: -4.9280005 | S87: 6.0880003 | T87: 12.092001 | U87: -9.0790005 | V87: 4.809 | W87: 0.001 | X87: -0.038000003 | Y87: -6.8650002 | Z87: -1.1980001 | AA87: -14.127001 | AB87: -1.9350001 | AC87: -14.188001 | AD87: -1.8370001 | AE87: 13.655001 | AF87: 0.67900002 | AG87: 21.226002 | AH87: 2.7090001 | AI87: -2.3270001 | AJ87: 0.056000002 | AK87: -2.3210001 | AL87: 0.068000004 | AM87: 0 | AN87: 0 | AO87: -3.3270001 | AP87: -0.40200001 | AQ87: 0 | AR87: 0 | AS87: 0.112 | AT87: 0.025 | AU87: 2.25 | AV87: 0.155 | AW87: 2.2870002 | AX87: 0.17300001 | AY87: 0 | AZ87: 0 | BA87: 1.9720001 | BB87: 1.6625488 | BC87: 14.211 | BD87: 3.8420002 | BE87: 14.340001 | BF87: 3.8540001 | BG87: -12.381001 | BH87: -3.6850002 | BI87: -12.362 | BJ87: -3.7110002 | BK87: -9.9920006 | BL87: -0.87900007 | BM87: -10.013 | BN87: -0.87100005 | BO87: 12.355 | BP87: 3.1120002 | BQ87: 11.868 | BR87: 1.854 | BS87: -1.6780001 | BT87: -0.37400001 | BU87: -1.7030001 | BV87: -0.37800002 | BW87: 10.17 | BX87: 0.74000001 | BY87: 10.194 | BZ87: 0.70200002 | CA87: 14.079 | CB87: 1.876 | CC87: 14.319 | CD87: 1.8310001 | CE87: 1.7860001 | CF87: 0.079000004 | CG87: 1.7110001 | CH87: 0.059000004 | CI87: -9.6282272 | CJ87: 2.4432611 | CK87: -6.012393 | CL87: -12.014331
B88: 0.20833333 | C88: -12.775001 | D88: -3.177 | E88: -12.324 | F88: -2.3230002 | G88: 2.5830002 | H88: -0.17600001 | I88: 2.562 | J88: -0.21700001 | K88: -20.058001 | L88: -0.61700004 | M88: -21.113001 | N88: -2.0040002 | O88: 13.674001 | P88: -2.1000001 | Q88: 9.1120005 | R88: -4.7980003 | S88: 6.3410001 | T88: 12.246 | U88: -9.2700005 | V88: 4.6160002 | W88: 0 | X88: -0.037 | Y88: -6.9400005 | Z88: -1.284 | AA88: -14.481001 | AB88: -2.1450002 | AC88: -14.497001 | AD88: -2.0600002 | AE88: 13.991001 | AF88: 0.88200003 | AG88: 21.707001 | AH88: 3.072 | AI88: -2.6090002 | AJ88: -0.059000004 | AK88: -2.6220002 | AL88: -0.031000001 | AM88: 0 | AN88: 0 | AO88: -3.2639999 | AP88: -0.42000002 | AQ88: 0 | AR88: 0 | AS88: 0.11000001 | AT88: 0.019000001 | AU88: 2.197 | AV88: 0.19000001 | AW88: 2.2470002 | AX88: 0.20400001 | AY88: 0 | AZ88: 0 | BA88: 1.835 | BB88: 1.6625488 | BC88: 14.211 | BD88: 3.8420002 | BE88: 14.340001 | BF88: 3.8540001 | BG88: -12.381001 | BH88: -3.6850002 | BI88: -12.362 | BJ88: -3.7110002 | BK88: -10.158001 | BL88: -0.93700004 | BM88: -10.152 | BN88: -0.92500007 | BO88: 12.851001 | BP88: 3.2900002 | BQ88: 12.324 | BR88: 2.0009999 | BS88: -1.697 | BT88: -0.38100001 | BU88: -1.7140001 | BV88: -0.38800001 | BW88: 10.317 | BX88: 0.79500002 | BY88: 10.360001 | BZ88: 0.76700002 | CA88: 14.686001 | CB88: 2.0470002 | CC88: 14.906001 | CD88: 1.9930001 | CE88: 1.8080001 | CF88: 0.081 | CG88: 1.728 | CH88: 0.062000003 | CI88: -9.6282272 | CJ88: 2.259016 | CK88: -6.012393 | CL88: -12.081469
B89: 0.22916667 | C89: -13.312 | D89: -3.3330002 | E89: -12.792001 | F89: -2.434 | G89: 2.7440002 | H89: -0.087000005 | I89: 2.924 | J89: -0.046000004 | K89: -20.789001 | L89: -0.92600006 | M89: -21.858002 | N89: -2.3970001 | O89: 14.075001 | P89: -1.8100001 | Q89: 9.4610004 | R89: -4.5240002 | S89: 6.4220004 | T89: 12.192 | U89: -9.4060001 | V89: 4.4630003 | W89: -0.001 | X89: -0.039000001 | Y89: -6.7690005 | Z89: -1.391 | AA89: -15.026001 | AB89: -2.388 | AC89: -14.911 | AD89: -2.2440002 | AE89: 14.289001 | AF89: 1.115 | AG89: 22.272001 | AH89: 3.5400002 | AI89: -2.8670001 | AJ89: -0.17200001 | AK89: -2.9260001 | AL89: -0.147 | AM89: 0 | AN89: 0 | AO89: -3.348 | AP89: -0.46799999 | AQ89: 0 | AR89: 0 | AS89: 0.116 | AT89: 0.018000001 | AU89: 2.197 | AV89: 0.186 | AW89: 2.1730001 | AX89: 0.22500001 | AY89: 0 | AZ89: 0 | BA89: 2.0170002 | BB89: 1.6625488 | BC89: 14.211 | BD89: 3.8420002 | BE89: 14.340001 | BF89: 3.8540001 | BG89: -12.381001 | BH89: -3.6850002 | BI89: -12.362 | BJ89: -3.7110002 | BK89: -10.374001 | BL89: -1.016 | BM89: -10.361 | BN89: -0.99800003 | BO89: 13.35 | BP89: 3.4470003 | BQ89: 12.705 | BR89: 2.115 | BS89: -1.7470001 | BT89: -0.40500003 | BU89: -1.766 | BV89: -0.42300001 | BW89: 10.531 | BX89: 0.86500007 | BY89: 10.559001 | BZ89: 0.85000002 | CA89: 15.116001 | CB89: 2.26 | CC89: 15.236001 | CD89: 2.2050002 | CE89: 1.845 | CF89: 0.115 | CG89: 1.784 | CH89: 0.108 | CI89: -9.6282272 | CJ89: 1.8851783 | CK89: -6.012393 | CL89: -12.145797
B90: 0.25 | C90: -13.173 | D90: -3.3000002 | E90: -12.644001 | F90: -2.3950002 | G90: 2.5330002 | H90: -0.28300002 | I90: 2.6480002 | J90: -0.24800001 | K90: -20.104 | L90: -0.53900003 | M90: -21.046001 | N90: -1.9030001 | O90: 13.809001 | P90: -2.0570002 | Q90: 9.2310009 | R90: -4.6900001 | S90: 6.3990002 | T90: 12.114 | U90: -9.1160002 | V90: 4.6610003 | W90: -0.0020000001 | X90: -0.038000003 | Y90: -6.8700004 | Z90: -1.3470001 | AA90: -14.621 | AB90: -2.1200001 | AC90: -14.657001 | AD90: -2.0810001 | AE90: 13.886001 | AF90: 0.79900002 | AG90: 21.609001 | AH90: 2.9620001 | AI90: -2.546 | AJ90: 0.036000002 | AK90: -2.595 | AL90: 0.062000003 | AM90: 0 | AN90: 0 | AO90: -3.3659999 | AP90: -0.43200001 | AQ90: 0 | AR90: 0 | AS90: 0.104 | AT90: 0.032000002 | AU90: 2.2720001 | AV90: 0.13800001 | AW90: 2.2520001 | AX90: 0.18000001 | AY90: 0 | AZ90: 0 | BA90: 2.0970001 | BB90: 1.6625488 | BC90: 14.211 | BD90: 3.8420002 | BE90: 14.340001 | BF90: 3.8540001 | BG90: -12.381001 | BH90: -3.6850002 | BI90: -12.362 | BJ90: -3.7110002 | BK90: -10.262 | BL90: -1.0480001 | BM90: -10.276 | BN90: -1.0370001 | BO90: 13.104001 | BP90: 3.3450003 | BQ90: 12.567 | BR90: 2.0339999 | BS90: -1.8100001 | BT90: -0.45400003 | BU90: -1.8410001 | BV90: -0.46600002 | BW90: 10.417001 | BX90: 0.89900005 | BY90: 10.471001 | BZ90: 0.88300002 | CA90: 14.690001 | CB90: 2.0370002 | CC90: 14.836 | CD90: 2.02 | CE90: 1.9310001 | CF90: 0.164 | CG90: 1.8740001 | CH90: 0.155 | CI90: -9.6282272 | CJ90: 2.1506922 | CK90: -6.012393 | CL90: -12.02826
... B131: 1 | C131: 0 | D131: 0 | E131: 0 | F131: 0 | G131: 0 | H131: 0 | I131: 0 | J131: 0 | K131: 0 | L131: 0 | M131: 0 | N131: 0 | O131: 0 | P131: 0 | Q131: 0 | R131: 0 | S131: 0 | T131: 0 | U131: 0 | V131: 0 | W131: 0 | X131: 0 | Y131: 0 | Z131: 0 | AA131: 0 | AB131: 0 | AC131: 0 | AD131: 0 | AE131: 0 | AF131: 0 | AG131: 0 | AH131: 0 | AI131: 0 | AJ131: 0 | AK131: 0 | AL131: 0 | AM131: 0 | AN131: 0 | AO131: 0 | AP131: 0 | AQ131: 0 | AR131: 0 | AS131: 0 | AT131: 0 | AU131: 0 | AV131: 0 | AW131: 0 | AX131: 0 | AY131: 0 | AZ131: 0 | BA131: 0 | BB131: 0 | BC131: 0 | BD131: 0 | BE131: 0 | BF131: 0 | BG131: 0 | BH131: 0 | BI131: 0 | BJ131: 0 | BK131: 0 | BL131: 0 | BM131: 0 | BN131: 0 | BO131: 0 | BP131: 0 | BQ131: 0 | BR131: 0 | BS131: 0 | BT131: 0 | BU131: 0 | BV131: 0 | BW131: 0 | BX131: 0 | BY131: 0 | BZ131: 0 | CA131: 0 | CB131: 0 | CC131: 0 | CD131: 0 | CE131: 0 | CF131: 0 | CG131: 0 | CH131: 0 | CI131: 0 | CJ131: 0 | CK131: 0 | CL131: 0
A132: BP SIANG
A133: max MW, Q | C133: =MAX(C$94:C$110) | D133: =INDEX(D94:D110,MATCH(C134,$B94:$B110,0)) | E133: =MAX(E94:E110) | F133: =INDEX(F94:F110,MATCH(E134,$B94:$B110,0)) | G133: =MAX(G94:G110) | H133: =INDEX(H94:H110,MATCH(G134,$B94:$B110,0)) | I133: =MAX(I94:I110) | J133: =INDEX(J94:J110,MATCH(I134,$B94:$B110,0)) | K133: =MAX(K94:K110) | L133: =INDEX(L94:L110,MATCH(K134,$B94:$B110,0)) | M133: =MAX(M94:M110) | N133: =INDEX(N94:N110,MATCH(M134,$B94:$B110,0)) | O133: =MAX(O94:O110) | P133: =INDEX(P94:P110,MATCH(O134,$B94:$B110,0)) | Q133: =MAX(Q94:Q110) | R133: =INDEX(R94:R110,MATCH(Q134,$B94:$B110,0)) | S133: =MAX(S94:S110) | T133: =INDEX(T94:T110,MATCH(S134,$B94:$B110,0)) | U133: =MAX(U94:U110) | V133: =INDEX(V94:V110,MATCH(U134,$B94:$B110,0)) | W133: =MAX(W94:W110) | X133: =INDEX(X94:X110,MATCH(W134,$B94:$B110,0)) | Y133: =MAX(Y94:Y110) | Z133: =INDEX(Z94:Z110,MATCH(Y134,$B94:$B110,0)) | AA133: =MAX(AA94:AA110) | AB133: =INDEX(AB94:AB110,MATCH(AA134,$B94:$B110,0)) | AC133: =MAX(AC94:AC110) | AD133: =INDEX(AD94:AD110,MATCH(AC134,$B94:$B110,0)) | AE133: =MAX(AE94:AE110) | AF133: =INDEX(AF94:AF110,MATCH(AE134,$B94:$B110,0)) | AG133: =MAX(AG94:AG110) | AH133: =INDEX(AH94:AH110,MATCH(AG134,$B94:$B110,0)) | AI133: =MAX(AI94:AI110) | AJ133: =INDEX(AJ94:AJ110,MATCH(AI134,$B94:$B110,0)) | AK133: =MAX(AK94:AK110) | AL133: =INDEX(AL94:AL110,MATCH(AK134,$B94:$B110,0)) | AM133: =MAX(AM94:AM110) | AN133: =INDEX(AN94:AN110,MATCH(AM134,$B94:$B110,0)) | AO133: =MAX(AO94:AO110) | AP133: =INDEX(AP94:AP110,MATCH(AO134,$B94:$B110,0)) | AQ133: =MAX(AQ94:AQ110) | AR133: =INDEX(AR94:AR110,MATCH(AQ134,$B94:$B110,0)) | AS133: =MAX(AS94:AS110) | AT133: =INDEX(AT94:AT110,MATCH(AS134,$B94:$B110,0)) | AU133: =MAX(AU94:AU110) | AV133: =INDEX(AV94:AV110,MATCH(AU134,$B94:$B110,0)) | AW133: =MAX(AW94:AW110) | AX133: =INDEX(AX94:AX110,MATCH(AW134,$B94:$B110,0)) | AY133: =MAX(AY94:AY110) | AZ133: =INDEX(AZ94:AZ110,MATCH(AY134,$B94:$B110,0)) | BA133: =MAX(BA94:BA110) | BB133: =INDEX(BB94:BB110,MATCH(BA134,$B94:$B110,0)) | BC133: =MAX(BC94:BC110) | BD133: =INDEX(BD94:BD110,MATCH(BC134,$B94:$B110,0)) | BE133: =MAX(BE94:BE110) | BF133: =INDEX(BF94:BF110,MATCH(BE134,$B94:$B110,0)) | BG133: =MAX(BG94:BG110) | BH133: =INDEX(BH94:BH110,MATCH(BG134,$B94:$B110,0)) | BI133: =MAX(BI94:BI110) | BJ133: =INDEX(BJ94:BJ110,MATCH(BI134,$B94:$B110,0)) | BK133: =MAX(BK94:BK110) | BL133: =INDEX(BL94:BL110,MATCH(BK134,$B94:$B110,0)) | BM133: =MAX(BM94:BM110) | BN133: =INDEX(BN94:BN110,MATCH(BM134,$B94:$B110,0)) | BO133: =MAX(BO94:BO110) | BP133: =INDEX(BP94:BP110,MATCH(BO134,$B94:$B110,0)) | BQ133: =MAX(BQ94:BQ110) | BR133: =INDEX(BR94:BR110,MATCH(BQ134,$B94:$B110,0)) | BS133: =MAX(BS94:BS110) | BT133: =INDEX(BT94:BT110,MATCH(BS134,$B94:$B110,0)) | BU133: =MAX(BU94:BU110) | BV133: =INDEX(BV94:BV110,MATCH(BU134,$B94:$B110,0)) | BW133: =MAX(BW94:BW110) | BX133: =INDEX(BX94:BX110,MATCH(BW134,$B94:$B110,0)) | BY133: =MAX(BY94:BY110) | BZ133: =INDEX(BZ94:BZ110,MATCH(BY134,$B94:$B110,0)) | CA133: =MAX(CA94:CA110) | CB133: =INDEX(CB94:CB110,MATCH(CA134,$B94:$B110,0)) | CC133: =MAX(CC94:CC110) | CD133: =INDEX(CD94:CD110,MATCH(CC134,$B94:$B110,0)) | CE133: =MAX(CE94:CE110) | CF133: =INDEX(CF94:CF110,MATCH(CE134,$B94:$B110,0)) | CG133: =MAX(CG94:CG110) | CH133: =INDEX(CH94:CH110,MATCH(CG134,$B94:$B110,0)) | CI133: =MAX(CI94:CI110) | CJ133: =INDEX(CJ94:CJ110,MATCH(CI134,$B94:$B110,0)) | CK133: =MAX(CK94:CK110) | CL133: =INDEX(CL94:CL110,MATCH(CK134,$B94:$B110,0))
A134: time | C134: =INDEX($B94:$B110,MATCH(C133,C94:C110,0)) | E134: =INDEX($B94:$B110,MATCH(E133,E94:E110,0)) | G134: =INDEX($B94:$B110,MATCH(G133,G94:G110,0)) | I134: =INDEX($B94:$B110,MATCH(I133,I94:I110,0)) | K134: =INDEX($B94:$B110,MATCH(K133,K94:K110,0)) | M134: =INDEX($B94:$B110,MATCH(M133,M94:M110,0)) | O134: =INDEX($B94:$B110,MATCH(O133,O94:O110,0)) | Q134: =INDEX($B94:$B110,MATCH(Q133,Q94:Q110,0)) | S134: =INDEX($B94:$B110,MATCH(S133,S94:S110,0)) | U134: =INDEX($B94:$B110,MATCH(U133,U94:U110,0)) | W134: =INDEX($B94:$B110,MATCH(W133,W94:W110,0)) | Y134: =INDEX($B94:$B110,MATCH(Y133,Y94:Y110,0)) | AA134: =INDEX($B94:$B110,MATCH(AA133,AA94:AA110,0)) | AC134: =INDEX($B94:$B110,MATCH(AC133,AC94:AC110,0)) | AE134: =INDEX($B94:$B110,MATCH(AE133,AE94:AE110,0)) | AG134: =INDEX($B94:$B110,MATCH(AG133,AG94:AG110,0)) | AI134: =INDEX($B94:$B110,MATCH(AI133,AI94:AI110,0)) | AK134: =INDEX($B94:$B110,MATCH(AK133,AK94:AK110,0)) | AM134: =INDEX($B94:$B110,MATCH(AM133,AM94:AM110,0)) | AO134: =INDEX($B94:$B110,MATCH(AO133,AO94:AO110,0)) | AQ134: =INDEX($B94:$B110,MATCH(AQ133,AQ94:AQ110,0)) | AS134: =INDEX($B94:$B110,MATCH(AS133,AS94:AS110,0)) | AU134: =INDEX($B94:$B110,MATCH(AU133,AU94:AU110,0)) | AW134: =INDEX($B94:$B110,MATCH(AW133,AW94:AW110,0)) | AY134: =INDEX($B94:$B110,MATCH(AY133,AY94:AY110,0)) | BA134: =INDEX($B94:$B110,MATCH(BA133,BA94:BA110,0)) | BC134: =INDEX($B94:$B110,MATCH(BC133,BC94:BC110,0)) | BE134: =INDEX($B94:$B110,MATCH(BE133,BE94:BE110,0)) | BG134: =INDEX($B94:$B110,MATCH(BG133,BG94:BG110,0)) | BI134: =INDEX($B94:$B110,MATCH(BI133,BI94:BI110,0)) | BK134: =INDEX($B94:$B110,MATCH(BK133,BK94:BK110,0)) | BM134: =INDEX($B94:$B110,MATCH(BM133,BM94:BM110,0)) | BO134: =INDEX($B94:$B110,MATCH(BO133,BO94:BO110,0)) | BQ134: =INDEX($B94:$B110,MATCH(BQ133,BQ94:BQ110,0)) | BS134: =INDEX($B94:$B110,MATCH(BS133,BS94:BS110,0)) | BU134: =INDEX($B94:$B110,MATCH(BU133,BU94:BU110,0)) | BW134: =INDEX($B94:$B110,MATCH(BW133,BW94:BW110,0)) | BY134: =INDEX($B94:$B110,MATCH(BY133,BY94:BY110,0)) | CA134: =INDEX($B94:$B110,MATCH(CA133,CA94:CA110,0)) | CC134: =INDEX($B94:$B110,MATCH(CC133,CC94:CC110,0)) | CE134: =INDEX($B94:$B110,MATCH(CE133,CE94:CE110,0)) | CG134: =INDEX($B94:$B110,MATCH(CG133,CG94:CG110,0)) | CI134: =INDEX($B94:$B110,MATCH(CI133,CI94:CI110,0)) | CK134: =INDEX($B94:$B110,MATCH(CK133,CK94:CK110,0))
A135: I,V | C135: =INDEX(C165:C181,MATCH(C134,$B94:$B110,0)) | D135: =INDEX(D165:D181,MATCH(C134,$B94:$B110,0)) | E135: =INDEX(E165:E181,MATCH(E134,$B94:$B110,0)) | F135: =INDEX(F165:F181,MATCH(E134,$B94:$B110,0)) | G135: =INDEX(G165:G181,MATCH(G134,$B94:$B110,0)) | H135: =INDEX(H165:H181,MATCH(G134,$B94:$B110,0)) | I135: =INDEX(I165:I181,MATCH(I134,$B94:$B110,0)) | J135: =INDEX(J165:J181,MATCH(I134,$B94:$B110,0)) | K135: =INDEX(K165:K181,MATCH(K134,$B94:$B110,0)) | L135: =INDEX(L165:L181,MATCH(K134,$B94:$B110,0)) | M135: =INDEX(M165:M181,MATCH(M134,$B94:$B110,0)) | N135: =INDEX(N165:N181,MATCH(M134,$B94:$B110,0)) | O135: =INDEX(O165:O181,MATCH(O134,$B94:$B110,0)) | P135: =INDEX(P165:P181,MATCH(O134,$B94:$B110,0)) | Q135: =INDEX(Q165:Q181,MATCH(Q134,$B94:$B110,0)) | R135: =INDEX(R165:R181,MATCH(Q134,$B94:$B110,0)) | S135: =INDEX(S165:S181,MATCH(S134,$B94:$B110,0)) | T135: =INDEX(T165:T181,MATCH(S134,$B94:$B110,0)) | U135: =INDEX(U165:U181,MATCH(U134,$B94:$B110,0)) | V135: =INDEX(V165:V181,MATCH(U134,$B94:$B110,0)) | W135: =INDEX(W165:W181,MATCH(W134,$B94:$B110,0)) | X135: =INDEX(X165:X181,MATCH(W134,$B94:$B110,0)) | Y135: =INDEX(Y165:Y181,MATCH(Y134,$B94:$B110,0)) | Z135: =INDEX(Z165:Z181,MATCH(Y134,$B94:$B110,0)) | AA135: =INDEX(AA165:AA181,MATCH(AA134,$B94:$B110,0)) | AB135: =INDEX(AB165:AB181,MATCH(AA134,$B94:$B110,0)) | AC135: =INDEX(AC165:AC181,MATCH(AC134,$B94:$B110,0)) | AD135: =INDEX(AD165:AD181,MATCH(AC134,$B94:$B110,0)) | AE135: =INDEX(AE165:AE181,MATCH(AE134,$B94:$B110,0)) | AF135: =INDEX(AF165:AF181,MATCH(AE134,$B94:$B110,0)) | AG135: =INDEX(AG165:AG181,MATCH(AG134,$B94:$B110,0)) | AH135: =INDEX(AH165:AH181,MATCH(AG134,$B94:$B110,0)) | AI135: =INDEX(AI165:AI181,MATCH(AI134,$B94:$B110,0)) | AJ135: =INDEX(AJ165:AJ181,MATCH(AI134,$B94:$B110,0)) | AK135: =INDEX(AK165:AK181,MATCH(AK134,$B94:$B110,0)) | AL135: =INDEX(AL165:AL181,MATCH(AK134,$B94:$B110,0)) | AM135: =INDEX(AM165:AM181,MATCH(AM134,$B94:$B110,0)) | AN135: =INDEX(AN165:AN181,MATCH(AM134,$B94:$B110,0)) | AO135: =INDEX(AO165:AO181,MATCH(AO134,$B94:$B110,0)) | AP135: =INDEX(AP165:AP181,MATCH(AO134,$B94:$B110,0)) | AQ135: =INDEX(AQ165:AQ181,MATCH(AQ134,$B94:$B110,0)) | AR135: =INDEX(AR165:AR181,MATCH(AQ134,$B94:$B110,0)) | AS135: =INDEX(AS165:AS181,MATCH(AS134,$B94:$B110,0)) | AT135: =INDEX(AT165:AT181,MATCH(AS134,$B94:$B110,0)) | AU135: =INDEX(AU165:AU181,MATCH(AU134,$B94:$B110,0)) | AV135: =INDEX(AV165:AV181,MATCH(AU134,$B94:$B110,0)) | AW135: =INDEX(AW165:AW181,MATCH(AW134,$B94:$B110,0)) | AX135: =INDEX(AX165:AX181,MATCH(AW134,$B94:$B110,0)) | AY135: =INDEX(AY165:AY181,MATCH(AY134,$B94:$B110,0)) | AZ135: =INDEX(AZ165:AZ181,MATCH(AY134,$B94:$B110,0)) | BA135: =INDEX(BA165:BA181,MATCH(BA134,$B94:$B110,0)) | BB135: =INDEX(BB165:BB181,MATCH(BA134,$B94:$B110,0)) | BC135: =INDEX(BC165:BC181,MATCH(BC134,$B94:$B110,0)) | BD135: =INDEX(BD165:BD181,MATCH(BC134,$B94:$B110,0)) | BE135: =INDEX(BE165:BE181,MATCH(BE134,$B94:$B110,0)) | BF135: =INDEX(BF165:BF181,MATCH(BE134,$B94:$B110,0)) | BG135: =INDEX(BG165:BG181,MATCH(BG134,$B94:$B110,0)) | BH135: =INDEX(BH165:BH181,MATCH(BG134,$B94:$B110,0)) | BI135: =INDEX(BI165:BI181,MATCH(BI134,$B94:$B110,0)) | BJ135: =INDEX(BJ165:BJ181,MATCH(BI134,$B94:$B110,0)) | BK135: =INDEX(BK165:BK181,MATCH(BK134,$B94:$B110,0)) | BL135: =INDEX(BL165:BL181,MATCH(BK134,$B94:$B110,0)) | BM135: =INDEX(BM165:BM181,MATCH(BM134,$B94:$B110,0)) | BN135: =INDEX(BN165:BN181,MATCH(BM134,$B94:$B110,0)) | BO135: =INDEX(BO165:BO181,MATCH(BO134,$B94:$B110,0)) | BP135: =INDEX(BP165:BP181,MATCH(BO134,$B94:$B110,0)) | BQ135: =INDEX(BQ165:BQ181,MATCH(BQ134,$B94:$B110,0)) | BR135: =INDEX(BR165:BR181,MATCH(BQ134,$B94:$B110,0)) | BS135: =INDEX(BS165:BS181,MATCH(BS134,$B94:$B110,0)) | BT135: =INDEX(BT165:BT181,MATCH(BS134,$B94:$B110,0)) | BU135: =INDEX(BU165:BU181,MATCH(BU134,$B94:$B110,0)) | BV135: =INDEX(BV165:BV181,MATCH(BU134,$B94:$B110,0)) | BW135: =INDEX(BW165:BW181,MATCH(BW134,$B94:$B110,0)) | BX135: =INDEX(BX165:BX181,MATCH(BW134,$B94:$B110,0)) | BY135: =INDEX(BY165:BY181,MATCH(BY134,$B94:$B110,0)) | BZ135: =INDEX(BZ165:BZ181,MATCH(BY134,$B94:$B110,0)) | CA135: =INDEX(CA165:CA181,MATCH(CA134,$B94:$B110,0)) | CB135: =INDEX(CB165:CB181,MATCH(CA134,$B94:$B110,0)) | CC135: =INDEX(CC165:CC181,MATCH(CC134,$B94:$B110,0)) | CD135: =INDEX(CD165:CD181,MATCH(CC134,$B94:$B110,0)) | CE135: =INDEX(CE165:CE181,MATCH(CE134,$B94:$B110,0)) | CF135: =INDEX(CF165:CF181,MATCH(CE134,$B94:$B110,0)) | CG135: =INDEX(CG165:CG181,MATCH(CG134,$B94:$B110,0)) | CH135: =INDEX(CH165:CH181,MATCH(CG134,$B94:$B110,0)) | CI135: =INDEX(CI165:CI181,MATCH(CI134,$B94:$B110,0)) | CJ135: =INDEX(CJ165:CJ181,MATCH(CI134,$B94:$B110,0)) | CK135: =INDEX(CK165:CK181,MATCH(CK134,$B94:$B110,0)) | CL135: =INDEX(CL165:CL181,MATCH(CK134,$B94:$B110,0))
A136: average | C136: =AVERAGE(C$94:C$110) | D136: =AVERAGE(D$94:D$110) | E136: =AVERAGE(E$94:E$110) | F136: =AVERAGE(F$94:F$110) | G136: =AVERAGE(G$94:G$110) | H136: =AVERAGE(H$94:H$110) | I136: =AVERAGE(I$94:I$110) | J136: =AVERAGE(J$94:J$110) | ... CL136: =AVERAGE(CL$94:CL$110)
A137: BP MALAM
A138: max | C138: =MAX(C$111:C$127) | D138: =INDEX(D111:D127,MATCH(C139,$B111:$B127,0)) | E138: =MAX(E111:E127) | F138: =INDEX(F111:F127,MATCH(E139,$B111:$B127,0)) | G138: =MAX(G111:G127) | H138: =INDEX(H111:H127,MATCH(G139,$B111:$B127,0)) | I138: =MAX(I111:I127) | J138: =INDEX(J111:J127,MATCH(I139,$B111:$B127,0)) | K138: =MAX(K111:K127) | L138: =INDEX(L111:L127,MATCH(K139,$B111:$B127,0)) | M138: =MAX(M111:M127) | N138: =INDEX(N111:N127,MATCH(M139,$B111:$B127,0)) | O138: =MAX(O111:O127) | P138: =INDEX(P111:P127,MATCH(O139,$B111:$B127,0)) | Q138: =MAX(Q111:Q127) | R138: =INDEX(R111:R127,MATCH(Q139,$B111:$B127,0)) | S138: =MAX(S111:S127) | T138: =INDEX(T111:T127,MATCH(S139,$B111:$B127,0)) | U138: =MAX(U111:U127) | V138: =INDEX(V111:V127,MATCH(U139,$B111:$B127,0)) | W138: =MAX(W111:W127) | X138: =INDEX(X111:X127,MATCH(W139,$B111:$B127,0)) | Y138: =MAX(Y111:Y127) | Z138: =INDEX(Z111:Z127,MATCH(Y139,$B111:$B127,0)) | AA138: =MAX(AA111:AA127) | AB138: =INDEX(AB111:AB127,MATCH(AA139,$B111:$B127,0)) | AC138: =MAX(AC111:AC127) | AD138: =INDEX(AD111:AD127,MATCH(AC139,$B111:$B127,0)) | AE138: =MAX(AE111:AE127) | AF138: =INDEX(AF111:AF127,MATCH(AE139,$B111:$B127,0)) | AG138: =MAX(AG111:AG127) | AH138: =INDEX(AH111:AH127,MATCH(AG139,$B111:$B127,0)) | AI138: =MAX(AI111:AI127) | AJ138: =INDEX(AJ111:AJ127,MATCH(AI139,$B111:$B127,0)) | AK138: =MAX(AK111:AK127) | AL138: =INDEX(AL111:AL127,MATCH(AK139,$B111:$B127,0)) | AM138: =MAX(AM111:AM127) | AN138: =INDEX(AN111:AN127,MATCH(AM139,$B111:$B127,0)) | AO138: =MAX(AO111:AO127) | AP138: =INDEX(AP111:AP127,MATCH(AO139,$B111:$B127,0)) | AQ138: =MAX(AQ111:AQ127) | AR138: =INDEX(AR111:AR127,MATCH(AQ139,$B111:$B127,0)) | AS138: =MAX(AS111:AS127) | AT138: =INDEX(AT111:AT127,MATCH(AS139,$B111:$B127,0)) | AU138: =MAX(AU111:AU127) | AV138: =INDEX(AV111:AV127,MATCH(AU139,$B111:$B127,0)) | AW138: =MAX(AW111:AW127) | AX138: =INDEX(AX111:AX127,MATCH(AW139,$B111:$B127,0)) | AY138: =MAX(AY111:AY127) | AZ138: =INDEX(AZ111:AZ127,MATCH(AY139,$B111:$B127,0)) | BA138: =MAX(BA111:BA127) | BB138: =INDEX(BB111:BB127,MATCH(BA139,$B111:$B127,0)) | BC138: =MAX(BC111:BC127) | BD138: =INDEX(BD111:BD127,MATCH(BC139,$B111:$B127,0)) | BE138: =MAX(BE111:BE127) | BF138: =INDEX(BF111:BF127,MATCH(BE139,$B111:$B127,0)) | BG138: =MAX(BG111:BG127) | BH138: =INDEX(BH111:BH127,MATCH(BG139,$B111:$B127,0)) | BI138: =MAX(BI111:BI127) | BJ138: =INDEX(BJ111:BJ127,MATCH(BI139,$B111:$B127,0)) | BK138: =MAX(BK111:BK127) | BL138: =INDEX(BL111:BL127,MATCH(BK139,$B111:$B127,0)) | BM138: =MAX(BM111:BM127) | BN138: =INDEX(BN111:BN127,MATCH(BM139,$B111:$B127,0)) | BO138: =MAX(BO111:BO127) | BP138: =INDEX(BP111:BP127,MATCH(BO139,$B111:$B127,0)) | BQ138: =MAX(BQ111:BQ127) | BR138: =INDEX(BR111:BR127,MATCH(BQ139,$B111:$B127,0)) | BS138: =MAX(BS111:BS127) | BT138: =INDEX(BT111:BT127,MATCH(BS139,$B111:$B127,0)) | BU138: =MAX(BU111:BU127) | BV138: =INDEX(BV111:BV127,MATCH(BU139,$B111:$B127,0)) | BW138: =MAX(BW111:BW127) | BX138: =INDEX(BX111:BX127,MATCH(BW139,$B111:$B127,0)) | BY138: =MAX(BY111:BY127) | BZ138: =INDEX(BZ111:BZ127,MATCH(BY139,$B111:$B127,0)) | CA138: =MAX(CA111:CA127) | CB138: =INDEX(CB111:CB127,MATCH(CA139,$B111:$B127,0)) | CC138: =MAX(CC111:CC127) | CD138: =INDEX(CD111:CD127,MATCH(CC139,$B111:$B127,0)) | CE138: =MAX(CE111:CE127) | CF138: =INDEX(CF111:CF127,MATCH(CE139,$B111:$B127,0)) | CG138: =MAX(CG111:CG127) | CH138: =INDEX(CH111:CH127,MATCH(CG139,$B111:$B127,0)) | CI138: =MAX(CI111:CI127) | CJ138: =INDEX(CJ111:CJ127,MATCH(CI139,$B111:$B127,0)) | CK138: =MAX(CK111:CK127) | CL138: =INDEX(CL111:CL127,MATCH(CK139,$B111:$B127,0))
A139: time | C139: =INDEX($B111:$B127,MATCH(C138,C111:C127,0)) | E139: =INDEX($B111:$B127,MATCH(E138,E111:E127,0)) | G139: =INDEX($B111:$B127,MATCH(G138,G111:G127,0)) | I139: =INDEX($B111:$B127,MATCH(I138,I111:I127,0)) | K139: =INDEX($B111:$B127,MATCH(K138,K111:K127,0)) | M139: =INDEX($B111:$B127,MATCH(M138,M111:M127,0)) | O139: =INDEX($B111:$B127,MATCH(O138,O111:O127,0)) | Q139: =INDEX($B111:$B127,MATCH(Q138,Q111:Q127,0)) | S139: =INDEX($B111:$B127,MATCH(S138,S111:S127,0)) | U139: =INDEX($B111:$B127,MATCH(U138,U111:U127,0)) | W139: =INDEX($B111:$B127,MATCH(W138,W111:W127,0)) | Y139: =INDEX($B111:$B127,MATCH(Y138,Y111:Y127,0)) | AA139: =INDEX($B111:$B127,MATCH(AA138,AA111:AA127,0)) | AC139: =INDEX($B111:$B127,MATCH(AC138,AC111:AC127,0)) | AE139: =INDEX($B111:$B127,MATCH(AE138,AE111:AE127,0)) | AG139: =INDEX($B111:$B127,MATCH(AG138,AG111:AG127,0)) | AI139: =INDEX($B111:$B127,MATCH(AI138,AI111:AI127,0)) | AK139: =INDEX($B111:$B127,MATCH(AK138,AK111:AK127,0)) | AM139: =INDEX($B111:$B127,MATCH(AM138,AM111:AM127,0)) | AO139: =INDEX($B111:$B127,MATCH(AO138,AO111:AO127,0)) | AQ139: =INDEX($B111:$B127,MATCH(AQ138,AQ111:AQ127,0)) | AS139: =INDEX($B111:$B127,MATCH(AS138,AS111:AS127,0)) | AU139: =INDEX($B111:$B127,MATCH(AU138,AU111:AU127,0)) | AW139: =INDEX($B111:$B127,MATCH(AW138,AW111:AW127,0)) | AY139: =INDEX($B111:$B127,MATCH(AY138,AY111:AY127,0)) | BA139: =INDEX($B111:$B127,MATCH(BA138,BA111:BA127,0)) | BC139: =INDEX($B111:$B127,MATCH(BC138,BC111:BC127,0)) | BE139: =INDEX($B111:$B127,MATCH(BE138,BE111:BE127,0)) | BG139: =INDEX($B111:$B127,MATCH(BG138,BG111:BG127,0)) | BI139: =INDEX($B111:$B127,MATCH(BI138,BI111:BI127,0)) | BK139: =INDEX($B111:$B127,MATCH(BK138,BK111:BK127,0)) | BM139: =INDEX($B111:$B127,MATCH(BM138,BM111:BM127,0)) | BO139: =INDEX($B111:$B127,MATCH(BO138,BO111:BO127,0)) | BQ139: =INDEX($B111:$B127,MATCH(BQ138,BQ111:BQ127,0)) | BS139: =INDEX($B111:$B127,MATCH(BS138,BS111:BS127,0)) | BU139: =INDEX($B111:$B127,MATCH(BU138,BU111:BU127,0)) | BW139: =INDEX($B111:$B127,MATCH(BW138,BW111:BW127,0)) | BY139: =INDEX($B111:$B127,MATCH(BY138,BY111:BY127,0)) | CA139: =INDEX($B111:$B127,MATCH(CA138,CA111:CA127,0)) | CC139: =INDEX($B111:$B127,MATCH(CC138,CC111:CC127,0)) | CE139: =INDEX($B111:$B127,MATCH(CE138,CE111:CE127,0)) | CG139: =INDEX($B111:$B127,MATCH(CG138,CG111:CG127,0)) | CI139: =INDEX($B111:$B127,MATCH(CI138,CI111:CI127,0)) | CK139: =INDEX($B111:$B127,MATCH(CK138,CK111:CK127,0))
A140: I,V | C140: =INDEX(C182:C198,MATCH(C139,$B111:$B127,0)) | D140: =INDEX(D182:D198,MATCH(C139,$B111:$B127,0)) | E140: =INDEX(E182:E198,MATCH(E139,$B111:$B127,0)) | F140: =INDEX(F182:F198,MATCH(E139,$B111:$B127,0)) | G140: =INDEX(G182:G198,MATCH(G139,$B111:$B127,0)) | H140: =INDEX(H182:H198,MATCH(G139,$B111:$B127,0)) | I140: =INDEX(I182:I198,MATCH(I139,$B111:$B127,0)) | J140: =INDEX(J182:J198,MATCH(I139,$B111:$B127,0)) | K140: =INDEX(K182:K198,MATCH(K139,$B111:$B127,0)) | L140: =INDEX(L182:L198,MATCH(K139,$B111:$B127,0)) | M140: =INDEX(M182:M198,MATCH(M139,$B111:$B127,0)) | N140: =INDEX(N182:N198,MATCH(M139,$B111:$B127,0)) | O140: =INDEX(O182:O198,MATCH(O139,$B111:$B127,0)) | P140: =INDEX(P182:P198,MATCH(O139,$B111:$B127,0)) | Q140: =INDEX(Q182:Q198,MATCH(Q139,$B111:$B127,0)) | R140: =INDEX(R182:R198,MATCH(Q139,$B111:$B127,0)) | S140: =INDEX(S182:S198,MATCH(S139,$B111:$B127,0)) | T140: =INDEX(T182:T198,MATCH(S139,$B111:$B127,0)) | U140: =INDEX(U182:U198,MATCH(U139,$B111:$B127,0)) | V140: =INDEX(V182:V198,MATCH(U139,$B111:$B127,0)) | W140: =INDEX(W182:W198,MATCH(W139,$B111:$B127,0)) | X140: =INDEX(X182:X198,MATCH(W139,$B111:$B127,0)) | Y140: =INDEX(Y182:Y198,MATCH(Y139,$B111:$B127,0)) | Z140: =INDEX(Z182:Z198,MATCH(Y139,$B111:$B127,0)) | AA140: =INDEX(AA182:AA198,MATCH(AA139,$B111:$B127,0)) | AB140: =INDEX(AB182:AB198,MATCH(AA139,$B111:$B127,0)) | AC140: =INDEX(AC182:AC198,MATCH(AC139,$B111:$B127,0)) | AD140: =INDEX(AD182:AD198,MATCH(AC139,$B111:$B127,0)) | AE140: =INDEX(AE182:AE198,MATCH(AE139,$B111:$B127,0)) | AF140: =INDEX(AF182:AF198,MATCH(AE139,$B111:$B127,0)) | AG140: =INDEX(AG182:AG198,MATCH(AG139,$B111:$B127,0)) | AH140: =INDEX(AH182:AH198,MATCH(AG139,$B111:$B127,0)) | AI140: =INDEX(AI182:AI198,MATCH(AI139,$B111:$B127,0)) | AJ140: =INDEX(AJ182:AJ198,MATCH(AI139,$B111:$B127,0)) | AK140: =INDEX(AK182:AK198,MATCH(AK139,$B111:$B127,0)) | AL140: =INDEX(AL182:AL198,MATCH(AK139,$B111:$B127,0)) | AM140: =INDEX(AM182:AM198,MATCH(AM139,$B111:$B127,0)) | AN140: =INDEX(AN182:AN198,MATCH(AM139,$B111:$B127,0)) | AO140: =INDEX(AO182:AO198,MATCH(AO139,$B111:$B127,0)) | AP140: =INDEX(AP182:AP198,MATCH(AO139,$B111:$B127,0)) | AQ140: =INDEX(AQ182:AQ198,MATCH(AQ139,$B111:$B127,0)) | AR140: =INDEX(AR182:AR198,MATCH(AQ139,$B111:$B127,0)) | AS140: =INDEX(AS182:AS198,MATCH(AS139,$B111:$B127,0)) | AT140: =INDEX(AT182:AT198,MATCH(AS139,$B111:$B127,0)) | AU140: =INDEX(AU182:AU198,MATCH(AU139,$B111:$B127,0)) | AV140: =INDEX(AV182:AV198,MATCH(AU139,$B111:$B127,0)) | AW140: =INDEX(AW182:AW198,MATCH(AW139,$B111:$B127,0)) | AX140: =INDEX(AX182:AX198,MATCH(AW139,$B111:$B127,0)) | AY140: =INDEX(AY182:AY198,MATCH(AY139,$B111:$B127,0)) | AZ140: =INDEX(AZ182:AZ198,MATCH(AY139,$B111:$B127,0)) | BA140: =INDEX(BA182:BA198,MATCH(BA139,$B111:$B127,0)) | BB140: =INDEX(BB182:BB198,MATCH(BA139,$B111:$B127,0)) | BC140: =INDEX(BC182:BC198,MATCH(BC139,$B111:$B127,0)) | BD140: =INDEX(BD182:BD198,MATCH(BC139,$B111:$B127,0)) | BE140: =INDEX(BE182:BE198,MATCH(BE139,$B111:$B127,0)) | BF140: =INDEX(BF182:BF198,MATCH(BE139,$B111:$B127,0)) | BG140: =INDEX(BG182:BG198,MATCH(BG139,$B111:$B127,0)) | BH140: =INDEX(BH182:BH198,MATCH(BG139,$B111:$B127,0)) | BI140: =INDEX(BI182:BI198,MATCH(BI139,$B111:$B127,0)) | BJ140: =INDEX(BJ182:BJ198,MATCH(BI139,$B111:$B127,0)) | BK140: =INDEX(BK182:BK198,MATCH(BK139,$B111:$B127,0)) | BL140: =INDEX(BL182:BL198,MATCH(BK139,$B111:$B127,0)) | BM140: =INDEX(BM182:BM198,MATCH(BM139,$B111:$B127,0)) | BN140: =INDEX(BN182:BN198,MATCH(BM139,$B111:$B127,0)) | BO140: =INDEX(BO182:BO198,MATCH(BO139,$B111:$B127,0)) | BP140: =INDEX(BP182:BP198,MATCH(BO139,$B111:$B127,0)) | BQ140: =INDEX(BQ182:BQ198,MATCH(BQ139,$B111:$B127,0)) | BR140: =INDEX(BR182:BR198,MATCH(BQ139,$B111:$B127,0)) | BS140: =INDEX(BS182:BS198,MATCH(BS139,$B111:$B127,0)) | BT140: =INDEX(BT182:BT198,MATCH(BS139,$B111:$B127,0)) | BU140: =INDEX(BU182:BU198,MATCH(BU139,$B111:$B127,0)) | BV140: =INDEX(BV182:BV198,MATCH(BU139,$B111:$B127,0)) | BW140: =INDEX(BW182:BW198,MATCH(BW139,$B111:$B127,0)) | BX140: =INDEX(BX182:BX198,MATCH(BW139,$B111:$B127,0)) | BY140: =INDEX(BY182:BY198,MATCH(BY139,$B111:$B127,0)) | BZ140: =INDEX(BZ182:BZ198,MATCH(BY139,$B111:$B127,0)) | CA140: =INDEX(CA182:CA198,MATCH(CA139,$B111:$B127,0)) | CB140: =INDEX(CB182:CB198,MATCH(CA139,$B111:$B127,0)) | CC140: =INDEX(CC182:CC198,MATCH(CC139,$B111:$B127,0)) | CD140: =INDEX(CD182:CD198,MATCH(CC139,$B111:$B127,0)) | CE140: =INDEX(CE182:CE198,MATCH(CE139,$B111:$B127,0)) | CF140: =INDEX(CF182:CF198,MATCH(CE139,$B111:$B127,0)) | CG140: =INDEX(CG182:CG198,MATCH(CG139,$B111:$B127,0)) | CH140: =INDEX(CH182:CH198,MATCH(CG139,$B111:$B127,0)) | CI140: =INDEX(CI182:CI198,MATCH(CI139,$B111:$B127,0)) | CJ140: =INDEX(CJ182:CJ198,MATCH(CI139,$B111:$B127,0)) | CK140: =INDEX(CK182:CK198,MATCH(CK139,$B111:$B127,0)) | CL140: =INDEX(CL182:CL198,MATCH(CK139,$B111:$B127,0))
A141: average | C141: =AVERAGE(C$111:C$127) | D141: =AVERAGE(D$111:D$127) | E141: =AVERAGE(E$111:E$127) | F141: =AVERAGE(F$111:F$127) | G141: =AVERAGE(G$111:G$127) | H141: =AVERAGE(H$111:H$127) | I141: =AVERAGE(I$111:I$127) | J141: =AVERAGE(J$111:J$127) | ... CL141: =AVERAGE(CL$111:CL$127)
B143: AMP KV 70KV LINE TRANSMISSION
C145: G I RANOMUUT | K145: G I BITUNG | S145: G I LIKUPANG | W145: G I SAWANGAN | AQ145: PLTA TANGGARI 1 | AU145: PLTA TANGGARI 2 | AY145: PLTA TONSEALAMA | BC145: G I TONSEALAMA | BK145: G I TELING | BS145: G I TASIKRIA | BW145: G I TOMOHON 70 KV | CI145: PT MSM 70 KV
B146: JAM | C146: TELING | E146: TELING | G146: SAWANGAN | I146: SAWANGAN | K146: SAWANGAN | M146: SAWANGAN | O146: MSM | Q146: LIKUPANG | S146: MSM | U146: BITUNG | W146: PLTA TANGGARI 1 | Y146: PLTA TANGGARI 1 | AA146: TONSEALAMA | AC146: TONSEALAMA | AE146: BITUNG | AG146: BITUNG | AI146: RANOMUUT | AK146: RANOMUUT | AM146: PLTA TANGGARI 2 | AO146: PLTA TANGGARI 2 | AQ146: SAWANGAN | AS146: SAWANGAN | AU146: SAWANGAN | AW146: SAWANGAN | AY146: GI TONSEALAMA | BA146: GI TONSEALAMA | BC146: SAWANGAN | BE146: SAWANGAN | BG146: TOMOHON | BI146: TOMOHON | BK146: TOMOHON | BM146: TOMOHON | BO146: RANOMUUT | BQ146: RANOMUUT | BS146: TOMOHON | BU146: TOMOHON | BW146: TELING | BY146: TELING | CA146: TONSEALAMA | CC146: TONSEALAMA | CE146: TASIKRIA | CG146: TASIKRIA | CI146: BITUNG | CK146: LIKUPANG
C147: LINE 1 | E147: LINE 2 | G147: LINE 1 | I147: LINE 2 | K147: LINE 1 | M147: LINE 2 | O147: LINE 1 | Q147: LINE 1 | S147: LINE 1 | U147: LINE 1 | W147: LINE 1 | Y147: LINE 2 | AA147: LINE 1 | AC147: LINE 2 | AE147: LINE 1 | AG147: LINE 2 | AI147: LINE 1 | AK147: LINE 2 | AM147: LINE 1 | AO147: LINE 2 | AQ147: LINE 1 | AS147: LINE 2 | AU147: LINE 1 | AW147: LINE 2 | AY147: LINE 1 | BA147: LINE 2 | BC147: LINE 1 | BE147: LINE 2 | BG147: LINE 1 | BI147: LINE 2 | BK147: LINE 1 | BM147: LINE 2 | BO147: LINE 1 | BQ147: LINE 2 | BS147: LINE 1 | BU147: LINE 2 | BW147: LINE 1 | BY147: LINE 2 | CA147: LINE 1 | CC147: LINE 2 | CE147: LINE 1 | CG147: LINE 2 | CI147: LINE 1 | CK147: LINE 2
C148: Amp | D148: KV | E148: Amp | F148: KV | G148: Amp | H148: KV | I148: Amp | J148: KV | K148: Amp | L148: KV | M148: Amp | N148: KV | O148: Amp | P148: KV | Q148: Amp | R148: KV | S148: Amp | T148: KV | U148: Amp | V148: KV | W148: Amp | X148: KV | Y148: Amp | Z148: KV | AA148: Amp | AB148: KV | AC148: Amp | AD148: KV | AE148: Amp | AF148: KV | AG148: Amp | AH148: KV | AI148: Amp | AJ148: KV | AK148: Amp | AL148: KV | AM148: Amp | AN148: KV | AO148: Amp | AP148: KV | AQ148: Amp | AR148: KV | AS148: Amp | AT148: KV | AU148: Amp | AV148: KV | AW148: Amp | AX148: KV | AY148: Amp | AZ148: KV | BA148: Amp | BB148: KV | BC148: Amp | BD148: KV | BE148: Amp | BF148: KV | BG148: Amp | BH148: KV | BI148: Amp | BJ148: KV | BK148: Amp | BL148: KV | BM148: Amp | BN148: KV | BO148: Amp | BP148: KV | BQ148: Amp | BR148: KV | BS148: Amp | BT148: KV | BU148: Amp | BV148: KV | BW148: Amp | BX148: KV | BY148: Amp | BZ148: KV | CA148: Amp | CB148: KV | CC148: Amp | CD148: KV | CE148: Amp | CF148: KV | CG148: Amp | CH148: KV | CI148: Amp | CJ148: KV | CK148: Amp | CL148: KV
B149: 0
B150: 0.020833333 | C150: 108.62 | D150: 66.236 | E150: 103.93 | F150: 65.872002 | G150: 16.43 | H150: 65.995003 | I150: 16.049999 | J150: 66.338005 | K150: 155.19 | L150: 64.557007 | M150: 162.16 | N150: 65.089005 | O150: 101.02 | P150: 65.43 | Q150: 88.699997 | R150: 65.335007 | S150: 91.860001 | T150: 66.255005 | U150: 86.099998 | V150: 66.275002 | W150: 1.12 | X150: 65.205002 | Y150: 60.779999 | Z150: 66.184006 | AA150: 116.79 | AB150: 66.066002 | AC150: 116.7 | AD150: 65.978004 | AE150: 158.20999 | AF150: 65.911003 | AG150: 164.17999 | AH150: 66.418007 | AI150: 14.58 | AJ150: 66.309006 | AK150: 14.589999 | AL150: 66.559006 | AM150: 31.059999 | AN150: 0 | AO150: 29.51 | AP150: 66.155472 | AQ150: 0 | AR150: 66.268005 | AS150: 61.279999 | AT150: 66.199005 | AU150: 29.65 | AV150: 66.079002 | AW150: 30.09 | AX150: 66.442001 | AY150: 0.47650003 | AZ150: 0 | BA150: 0 | BB150: 0 | BC150: 133.11 | BD150: 64.673004 | BE150: 132.36 | BF150: 65.239006 | BG150: 115.07 | BH150: 65.503006 | BI150: 115.05 | BJ150: 65.364006 | BK150: 91.199997 | BL150: 66.615005 | BM150: 91.759995 | BN150: 66.363007 | BO150: 107.37 | BP150: 66.757004 | BQ150: 100.99 | BR150: 66.384003 | BS150: 17.16 | BT150: 66.024002 | BU150: 17.940001 | BV150: 66.210007 | BW150: 91.93 | BX150: 67.211006 | BY150: 91.519997 | BZ150: 67.269005 | CA150: 115.07 | CB150: 67.198006 | CC150: 115.63 | CD150: 67.268005 | CE150: 17.58 | CF150: 67.222 | CG150: 17.209999 | CH150: 67.316002 | CI150: 98.352936 | CJ150: 66.042183 | CK150: 92.020653 | CL150: 65.714287
B151: 0.041666667 | C151: 107.13 | D151: 66.290001 | E151: 102.81 | F151: 65.953003 | G151: 16.059999 | H151: 66.076004 | I151: 17.17 | J151: 66.499001 | K151: 157.81 | L151: 64.610001 | M151: 164.78 | N151: 65.143005 | O151: 100.64 | P151: 65.538002 | Q151: 89.07 | R151: 65.421005 | S151: 90.739998 | T151: 66.309006 | U151: 86.099998 | V151: 66.303001 | W151: 1.12 | X151: 65.375999 | Y151: 62.84 | Z151: 66.327003 | AA151: 115.67 | AB151: 66.120003 | AC151: 115.2 | AD151: 66.059006 | AE151: 158.59 | AF151: 65.991005 | AG151: 164.55 | AH151: 66.499001 | AI151: 14.58 | AJ151: 66.509003 | AK151: 14.96 | AL151: 66.613007 | AM151: 30.82 | AN151: 0 | AO151: 29.969999 | AP151: 66.249001 | AQ151: 0 | AR151: 66.353004 | AS151: 61.279999 | AT151: 66.313004 | AU151: 29.65 | AV151: 66.159004 | AW151: 29.389999 | AX151: 66.523003 | AY151: 0.49216667 | AZ151: 0 | BA151: 0 | BB151: 0 | BC151: 133.11 | BD151: 64.673004 | BE151: 132.36 | BF151: 65.239006 | BG151: 115.07 | BH151: 65.503006 | BI151: 115.05 | BJ151: 65.364006 | BK151: 89.699997 | BL151: 66.696007 | BM151: 90.639999 | BN151: 66.471001 | BO151: 106.62 | BP151: 66.810005 | BQ151: 99.5 | BR151: 66.546005 | BS151: 16.41 | BT151: 66.024002 | BU151: 17.190001 | BV151: 66.290001 | BW151: 90.439995 | BX151: 67.292 | BY151: 90.400002 | BZ151: 67.383003 | CA151: 113.57999 | CB151: 67.305 | CC151: 114.88 | CD151: 67.403 | CE151: 16.83 | CF151: 67.195 | CG151: 17.209999 | CH151: 67.478004 | CI151: 98.073448 | CJ151: 66.127205 | CK151: 92.241226 | CL151: 65.872627
B152: 0.0625 | C152: 104.52 | D152: 66.398003 | E152: 100.18999 | F152: 66.088005 | G152: 16.799999 | H152: 66.184006 | I152: 16.799999 | J152: 66.580002 | K152: 154.06999 | L152: 64.745003 | M152: 162.16 | N152: 65.304001 | O152: 98.779999 | P152: 65.672005 | Q152: 87.949997 | R152: 65.621002 | S152: 91.110001 | T152: 66.443001 | U152: 85.720001 | V152: 66.503006 | W152: 1.12 | X152: 65.461006 | Y152: 60.41 | Z152: 66.356003 | AA152: 113.05 | AB152: 66.281006 | AC152: 113.32999 | AD152: 66.113007 | AE152: 156.34 | AF152: 66.18 | AG152: 162.31 | AH152: 66.579002 | AI152: 14.96 | AJ152: 66.595001 | AK152: 14.96 | AL152: 66.748001 | AM152: 31.059999 | AN152: 0 | AO152: 29.74 | AP152: 66.295769 | AQ152: 0 | AR152: 66.467003 | AS152: 60.16 | AT152: 66.399002 | AU152: 29.179998 | AV152: 66.267006 | AW152: 29.859999 | AX152: 66.603004 | AY152: 0.45166668 | AZ152: 0 | BA152: 0 | BB152: 0 | BC152: 133.11 | BD152: 64.673004 | BE152: 132.36 | BF152: 65.239006 | BG152: 115.07 | BH152: 65.503006 | BI152: 115.05 | BJ152: 65.364006 | BK152: 87.830002 | BL152: 66.857002 | BM152: 87.839996 | BN152: 66.579002 | BO152: 103.63 | BP152: 66.945 | BQ152: 97.25 | BR152: 66.627007 | BS152: 16.41 | BT152: 66.186005 | BU152: 17.190001 | BV152: 66.398003 | BW152: 88.199997 | BX152: 67.400002 | BY152: 88.159996 | BZ152: 67.469002 | CA152: 111.34 | CB152: 67.440002 | CC152: 112.64999 | CD152: 67.429001 | CE152: 16.459999 | CF152: 67.303001 | CG152: 16.469999 | CH152: 67.532005 | CI152: 96.651871 | CJ152: 66.263618 | CK152: 91.993477 | CL152: 65.964096
B153: 0.083333333 | C153: 99.659996 | D153: 66.478004 | E153: 94.959999 | F153: 66.088005 | G153: 14.94 | H153: 66.211006 | I153: 14.929999 | J153: 66.607002 | K153: 146.97 | L153: 64.961006 | M153: 153.55 | N153: 65.466003 | O153: 98.029999 | P153: 65.833 | Q153: 87.580002 | R153: 65.821007 | S153: 91.110001 | T153: 66.712006 | U153: 84.970001 | V153: 66.761002 | W153: 1.12 | X153: 65.518005 | Y153: 61.16 | Z153: 66.441002 | AA153: 107.82999 | AB153: 66.389 | AC153: 108.09 | AD153: 66.167 | AE153: 148.12 | AF153: 66.18 | AG153: 153.33 | AH153: 66.714005 | AI153: 12.34 | AJ153: 66.595001 | AK153: 12.719999 | AL153: 66.802002 | AM153: 31.289999 | AN153: 0 | AO153: 29.51 | AP153: 66.38929 | AQ153: 0 | AR153: 66.495003 | AS153: 60.529999 | AT153: 66.456001 | AU153: 29.41 | AV153: 66.348 | AW153: 29.389999 | AX153: 66.630005 | AY153: 0.55800003 | AZ153: 0 | BA153: 0 | BB153: 0 | BC153: 133.11 | BD153: 64.673004 | BE153: 132.36 | BF153: 65.239006 | BG153: 115.07 | BH153: 65.503006 | BI153: 115.05 | BJ153: 65.364006 | BK153: 85.589996 | BL153: 66.857002 | BM153: 86.159996 | BN153: 66.633003 | BO153: 98.389999 | BP153: 66.972 | BQ153: 91.639999 | BR153: 66.653 | BS153: 16.41 | BT153: 66.132004 | BU153: 16.449999 | BV153: 66.344002 | BW153: 85.949997 | BX153: 67.373001 | BY153: 86.290001 | BZ153: 67.469002 | CA153: 102 | CB153: 67.466003 | CC153: 102.95 | CD153: 67.429001 | CE153: 16.459999 | CF153: 67.330002 | CG153: 16.469999 | CH153: 67.532005 | CI153: 95.641495 | CJ153: 66.386604 | CK153: 92.131104 | CL153: 66.126892
B154: 0.10416667 | C154: 96.68 | D154: 66.747002 | E154: 92.709999 | F154: 66.384003 | G154: 16.43 | H154: 66.561005 | I154: 16.43 | J154: 66.903 | K154: 140.98 | L154: 65.527 | M154: 148.31 | N154: 66.033005 | O154: 98.029999 | P154: 66.397003 | Q154: 87.949997 | R154: 66.336006 | S154: 90.369995 | T154: 67.303001 | U154: 86.099998 | V154: 67.305 | W154: 1.12 | X154: 65.832001 | Y154: 59.469997 | Z154: 66.755005 | AA154: 104.85 | AB154: 66.658005 | AC154: 103.98 | AD154: 66.572006 | AE154: 144.37999 | AF154: 66.503006 | AG154: 149.59 | AH154: 67.064003 | AI154: 14.21 | AJ154: 66.966003 | AK154: 14.21 | AL154: 67.153 | AM154: 30.82 | AN154: 0 | AO154: 29.74 | AP154: 66.763405 | AQ154: 0 | AR154: 66.837006 | AS154: 59.789997 | AT154: 66.770004 | AU154: 29.65 | AV154: 66.671005 | AW154: 29.619999 | AX154: 66.980003 | AY154: 0.53150004 | AZ154: 0 | BA154: 0 | BB154: 0 | BC154: 133.11 | BD154: 64.673004 | BE154: 132.36 | BF154: 65.239006 | BG154: 115.07 | BH154: 65.503006 | BI154: 115.05 | BJ154: 65.364006 | BK154: 83.349998 | BL154: 67.154007 | BM154: 83.93 | BN154: 66.822006 | BO154: 94.650002 | BP154: 67.321007 | BQ154: 88.279999 | BR154: 66.923004 | BS154: 15.67 | BT154: 66.455002 | BU154: 16.449999 | BV154: 66.668007 | BW154: 84.080002 | BX154: 67.642006 | BY154: 84.419998 | BZ154: 67.754005 | CA154: 100.13 | CB154: 67.681 | CC154: 101.46 | CD154: 67.671005 | CE154: 16.09 | CF154: 67.625999 | CG154: 15.719999 | CH154: 67.828003 | CI154: 95.363243 | CJ154: 66.968567 | CK154: 91.440941 | CL154: 66.62207
B155: 0.125 | C155: 95.93 | D155: 66.990005 | E155: 92.709999 | F155: 66.627007 | G155: 16.43 | H155: 66.723 | I155: 16.799999 | J155: 67.118004 | K155: 142.84999 | L155: 65.608002 | M155: 150.17999 | N155: 66.168007 | O155: 99.150002 | P155: 66.531006 | Q155: 88.699997 | R155: 66.536003 | S155: 92.979996 | T155: 67.411003 | U155: 63.259998 | V155: 67.419006 | W155: 1.12 | X155: 66.004005 | Y155: 60.779999 | Z155: 66.984001 | AA155: 104.47 | AB155: 66.819 | AC155: 103.98 | AD155: 66.761002 | AE155: 146.25 | AF155: 66.665001 | AG155: 151.09 | AH155: 67.199005 | AI155: 13.84 | AJ155: 67.108002 | AK155: 13.84 | AL155: 67.288002 | AM155: 30.82 | AN155: 0 | AO155: 29.74 | AP155: 66.856934 | AQ155: 0 | AR155: 67.036003 | AS155: 60.91 | AT155: 67.027 | AU155: 29.179998 | AV155: 66.805 | AW155: 29.619999 | AX155: 67.195 | AY155: 0.50166672 | AZ155: 0 | BA155: 0 | BB155: 0 | BC155: 133.11 | BD155: 64.673004 | BE155: 132.36 | BF155: 65.239006 | BG155: 115.07 | BH155: 65.503006 | BI155: 115.05 | BJ155: 65.364006 | BK155: 82.970001 | BL155: 67.370003 | BM155: 83.369995 | BN155: 67.064003 | BO155: 95.019997 | BP155: 67.456001 | BQ155: 89.019997 | BR155: 67.111 | BS155: 15.67 | BT155: 66.589005 | BU155: 15.7 | BV155: 66.830002 | BW155: 83.339996 | BX155: 67.857002 | BY155: 83.68 | BZ155: 67.925003 | CA155: 102 | CB155: 67.869003 | CC155: 102.2 | CD155: 67.886002 | CE155: 15.71 | CF155: 67.787003 | CG155: 15.719999 | CH155: 67.990005 | CI155: 97.436928 | CJ155: 67.131958 | CK155: 93.767624 | CL155: 66.816582
B156: 0.14583333 | C156: 101.16 | D156: 66.155006 | E156: 97.199997 | F156: 65.764 | G156: 9.71 | H156: 65.861 | I156: 9.71 | J156: 66.284004 | K156: 151.45 | L156: 63.694004 | M156: 158.78999 | N156: 64.172005 | O156: 85.360001 | P156: 64.571007 | Q156: 64 | R156: 64.563004 | S156: 59.369999 | T156: 64.563004 | U156: 62.509998 | V156: 64.558006 | W156: 1.12 | X156: 64.948006 | Y156: 61.719997 | Z156: 65.870003 | AA156: 108.57999 | AB156: 65.797005 | AC156: 108.84 | AD156: 65.681 | AE156: 152.59999 | AF156: 65.614006 | AG156: 159.69 | AH156: 66.176003 | AI156: 10.84 | AJ156: 66.138 | AK156: 10.849999 | AL156: 66.289001 | AM156: 31.289999 | AN156: 0 | AO156: 30.209999 | AP156: 65.874886 | AQ156: 0 | AR156: 65.955002 | AS156: 60.91 | AT156: 65.942001 | AU156: 29.41 | AV156: 65.836006 | AW156: 29.389999 | AX156: 66.119003 | AY156: 0.47383335 | AZ156: 0 | BA156: 0 | BB156: 0 | BC156: 133.11 | BD156: 64.673004 | BE156: 132.36 | BF156: 65.239006 | BG156: 115.07 | BH156: 65.503006 | BI156: 115.05 | BJ156: 65.364006 | BK156: 82.599998 | BL156: 66.561005 | BM156: 83.369995 | BN156: 66.309006 | BO156: 100.25999 | BP156: 66.622002 | BQ156: 93.509995 | BR156: 66.330002 | BS156: 14.92 | BT156: 65.889 | BU156: 15.7 | BV156: 66.102005 | BW156: 83.339996 | BX156: 67.130005 | BY156: 83.299995 | BZ156: 67.155006 | CA156: 104.99 | CB156: 67.117004 | CC156: 106.31 | CD156: 67.108002 | CE156: 15.71 | CF156: 67.061005 | CG156: 15.719999 | CH156: 67.181 | CI156: 84.922256 | CJ156: 64.480888 | CK156: 59.194935 | CL156: 63.971336
B157: 0.16666667 | C157: 117.96 | D157: 65.375 | E157: 113.28 | F157: 65.009003 | G157: 27.26 | H157: 65.133003 | I157: 27.629999 | J157: 65.503006 | K157: 191.09 | L157: 61.752003 | M157: 199.23999 | N157: 62.256004 | O157: 125.99 | P157: 62.584003 | Q157: 83.459999 | R157: 62.589005 | S157: 89.25 | T157: 61.876003 | U157: 84.220001 | V157: 61.954002 | W157: 1.12 | X157: 64.006004 | Y157: 62.469997 | Z157: 64.927002 | AA157: 132.45999 | AB157: 64.802002 | AC157: 133.14999 | AD157: 64.683006 | AE157: 193 | AF157: 64.671005 | AG157: 200.45999 | AH157: 65.099007 | AI157: 28.42 | AJ157: 65.110001 | AK157: 28.43 | AL157: 65.263 | AM157: 31.76 | AN157: 0 | AO157: 30.209999 | AP157: 64.846085 | AQ157: 0 | AR157: 64.987 | AS157: 62.399998 | AT157: 64.914001 | AU157: 29.879999 | AV157: 64.814003 | AW157: 30.09 | AX157: 65.097 | AY157: 0.51150006 | AZ157: 0 | BA157: 0 | BB157: 0 | BC157: 133.11 | BD157: 64.673004 | BE157: 132.36 | BF157: 65.239006 | BG157: 115.07 | BH157: 65.503006 | BI157: 115.05 | BJ157: 65.364006 | BK157: 86.339996 | BL157: 65.833 | BM157: 86.720001 | BN157: 65.5 | BO157: 116.71999 | BP157: 65.896004 | BQ157: 109.6 | BR157: 65.576004 | BS157: 14.92 | BT157: 65.216003 | BU157: 15.7 | BV157: 65.400002 | BW157: 86.699997 | BX157: 66.377007 | BY157: 86.659996 | BZ157: 66.499001 | CA157: 126.66 | CB157: 66.472 | CC157: 127.57 | CD157: 66.437004 | CE157: 15.71 | CF157: 66.362 | CG157: 14.969999 | CH157: 66.534004 | CI157: 126.42303 | CJ157: 61.755775 | CK157: 89.972595 | CL157: 61.17791
B158: 0.1875 | C158: 112.73 | D158: 66.209 | E158: 108.42 | F158: 65.791 | G158: 21.279999 | H158: 65.969002 | I158: 22.029999 | J158: 66.257004 | K158: 178.37999 | L158: 63.586002 | M158: 186.87999 | N158: 64.091003 | O158: 121.89 | P158: 64.517006 | Q158: 92.82 | R158: 64.391006 | S158: 119.49 | T158: 64.697006 | U158: 91.339996 | V158: 64.701004 | W158: 1.12 | X158: 64.976006 | Y158: 61.34 | Z158: 65.956001 | AA158: 125.37 | AB158: 65.824005 | AC158: 124.93 | AD158: 65.762001 | AE158: 179.53 | AF158: 65.722 | AG158: 186.23999 | AH158: 66.229004 | AI158: 21.32 | AJ158: 66.138 | AK158: 22.07 | AL158: 66.235001 | AM158: 30.359999 | AN158: 0 | AO158: 29.51 | AP158: 65.874886 | AQ158: 0 | AR158: 66.068001 | AS158: 61.279999 | AT158: 65.970001 | AU158: 29.41 | AV158: 65.836006 | AW158: 29.859999 | AX158: 66.173004 | AY158: 0.48816669 | AZ158: 0 | BA158: 0 | BB158: 0 | BC158: 133.11 | BD158: 64.673004 | BE158: 132.36 | BF158: 65.239006 | BG158: 115.07 | BH158: 65.503006 | BI158: 115.05 | BJ158: 65.364006 | BK158: 85.589996 | BL158: 66.561005 | BM158: 86.159996 | BN158: 66.363007 | BO158: 112.23 | BP158: 66.730003 | BQ158: 105.11 | BR158: 66.330002 | BS158: 14.92 | BT158: 65.943001 | BU158: 15.7 | BV158: 66.129005 | BW158: 86.330002 | BX158: 67.157005 | BY158: 86.290001 | BZ158: 67.212006 | CA158: 121.05 | CB158: 67.171005 | CC158: 122.35 | CD158: 67.242004 | CE158: 15.339999 | CF158: 67.142006 | CG158: 14.969999 | CH158: 67.316002 | CI158: 121.68961 | CJ158: 64.372276 | CK158: 119.51119 | CL158: 63.931084
B159: 0.20833333 | C159: 117.96 | D159: 66.048004 | E159: 112.89999 | F159: 65.764 | G159: 23.519999 | H159: 65.834 | I159: 24.639999 | J159: 66.257004 | K159: 182.12 | L159: 63.397003 | M159: 191.37 | N159: 63.875004 | O159: 124.13 | P159: 64.303001 | Q159: 93.559998 | R159: 64.191002 | S159: 121.73 | T159: 64.428001 | U159: 92.459999 | V159: 64.5 | W159: 0.93000001 | X159: 64.919006 | Y159: 62.09 | Z159: 65.813004 | AA159: 128.34999 | AB159: 65.770004 | AC159: 128.28999 | AD159: 65.600006 | AE159: 183.26999 | AF159: 65.614006 | AG159: 190.73 | AH159: 66.122002 | AI159: 23.189999 | AJ159: 65.995003 | AK159: 24.309999 | AL159: 66.153999 | AM159: 30.59 | AN159: 0 | AO159: 29.039999 | AP159: 65.734596 | AQ159: 0 | AR159: 65.869003 | AS159: 61.649998 | AT159: 65.913002 | AU159: 29.41 | AV159: 65.702003 | AW159: 29.389999 | AX159: 66.038002 | AY159: 0.43799999 | AZ159: 0 | BA159: 0 | BB159: 0 | BC159: 133.11 | BD159: 64.673004 | BE159: 132.36 | BF159: 65.239006 | BG159: 115.07 | BH159: 65.503006 | BI159: 115.05 | BJ159: 65.364006 | BK159: 86.709999 | BL159: 66.561005 | BM159: 87.279999 | BN159: 66.309006 | BO159: 116.34 | BP159: 66.595001 | BQ159: 109.22 | BR159: 66.303001 | BS159: 14.92 | BT159: 65.862 | BU159: 15.7 | BV159: 66.075005 | BW159: 87.449997 | BX159: 67.130005 | BY159: 87.409996 | BZ159: 67.212006 | CA159: 127.03 | CB159: 67.117004 | CC159: 127.57 | CD159: 67.108002 | CE159: 15.71 | CF159: 67.034004 | CG159: 15.719999 | CH159: 67.235001 | CI159: 123.16894 | CJ159: 64.21476 | CK159: 121.20936 | CL159: 63.832909
B160: 0.22916667 | C160: 122.43 | D160: 65.886002 | E160: 117.39 | F160: 65.629005 | G160: 26.879999 | H160: 65.699005 | I160: 26.879999 | J160: 66.042 | K160: 189.22 | L160: 63.100002 | M160: 197.37 | N160: 63.578003 | O160: 128.23 | P160: 63.980003 | Q160: 95.059998 | R160: 63.905003 | S160: 123.23 | T160: 64.025002 | U160: 93.579994 | V160: 63.957005 | W160: 1.12 | X160: 64.719002 | Y160: 62.09 | Z160: 65.613007 | AA160: 133.95 | AB160: 65.528 | AC160: 133.53 | AD160: 65.492004 | AE160: 191.12999 | AF160: 65.372002 | AG160: 198.20999 | AH160: 65.852005 | AI160: 25.799999 | AJ160: 65.881004 | AK160: 26.559999 | AL160: 66.019005 | AM160: 30.359999 | AN160: 0 | AO160: 29.74 | AP160: 65.547539 | AQ160: 0 | AR160: 65.699005 | AS160: 60.16 | AT160: 65.599007 | AU160: 29.41 | AV160: 65.594002 | AW160: 29.16 | AX160: 65.903999 | AY160: 0.46916667 | AZ160: 0 | BA160: 0 | BB160: 0 | BC160: 133.11 | BD160: 64.673004 | BE160: 132.36 | BF160: 65.239006 | BG160: 115.07 | BH160: 65.503006 | BI160: 115.05 | BJ160: 65.364006 | BK160: 88.949997 | BL160: 66.372002 | BM160: 88.959999 | BN160: 66.121002 | BO160: 120.46 | BP160: 66.461006 | BQ160: 112.96 | BR160: 66.142006 | BS160: 15.67 | BT160: 65.701004 | BU160: 15.7 | BV160: 65.967003 | BW160: 89.32 | BX160: 66.969002 | BY160: 89.279999 | BZ160: 67.041 | CA160: 133.37999 | CB160: 66.929001 | CC160: 133.16 | CD160: 67.027 | CE160: 16.09 | CF160: 66.873001 | CG160: 15.719999 | CH160: 67.073006 | CI160: 127.79205 | CJ160: 63.774216 | CK160: 123.83458 | CL160: 63.301311
B161: 0.25 | C161: 120.2 | D161: 65.940002 | E161: 114.77 | F161: 65.521004 | G161: 25.019999 | H161: 65.672005 | I161: 23.889999 | J161: 65.988007 | K161: 182.48999 | L161: 63.289001 | M161: 192.12 | N161: 63.740002 | O161: 124.5 | P161: 64.061005 | Q161: 93.559998 | R161: 64.076004 | S161: 121.73 | T161: 64.160004 | U161: 92.829994 | V161: 64.186005 | W161: 0.93000001 | X161: 64.691002 | Y161: 61.91 | Z161: 65.584 | AA161: 130.59 | AB161: 65.500999 | AC161: 129.78999 | AD161: 65.411003 | AE161: 185.14 | AF161: 65.399002 | AG161: 192.59999 | AH161: 65.852005 | AI161: 23.93 | AJ161: 65.852005 | AK161: 23.939999 | AL161: 65.965004 | AM161: 31.059999 | AN161: 0 | AO161: 29.74 | AP161: 65.547539 | AQ161: 0 | AR161: 65.699005 | AS161: 61.649998 | AT161: 65.656006 | AU161: 29.879999 | AV161: 65.540001 | AW161: 29.859999 | AX161: 65.850006 | AY161: 0.50066668 | AZ161: 0 | BA161: 0 | BB161: 0 | BC161: 133.11 | BD161: 64.673004 | BE161: 132.36 | BF161: 65.239006 | BG161: 115.07 | BH161: 65.503006 | BI161: 115.05 | BJ161: 65.364006 | BK161: 88.209999 | BL161: 66.291 | BM161: 88.400002 | BN161: 66.013 | BO161: 118.96 | BP161: 66.461006 | BQ161: 111.84 | BR161: 66.061005 | BS161: 16.41 | BT161: 65.620003 | BU161: 17.190001 | BV161: 65.859001 | BW161: 88.57 | BX161: 66.888 | BY161: 88.529999 | BZ161: 66.984001 | CA161: 128.53 | CB161: 66.902 | CC161: 129.06 | CD161: 66.973 | CE161: 16.83 | CF161: 66.873001 | CG161: 16.469999 | CH161: 67.020004 | CI161: 124.91973 | CJ161: 63.893967 | CK161: 122.26183 | CL161: 63.517601
... B202: 1 | C202: 0 | D202: 0 | E202: 0 | F202: 0 | G202: 0 | H202: 0 | I202: 0 | J202: 0 | K202: 0 | L202: 0 | M202: 0 | N202: 0 | O202: 0 | P202: 0 | Q202: 0 | R202: 0 | S202: 0 | T202: 0 | U202: 0 | V202: 0 | W202: 0 | X202: 0 | Y202: 0 | Z202: 0 | AA202: 0 | AB202: 0 | AC202: 0 | AD202: 0 | AE202: 0 | AF202: 0 | AG202: 0 | AH202: 0 | AI202: 0 | AJ202: 0 | AK202: 0 | AL202: 0 | AM202: 0 | AN202: 0 | AO202: 0 | AP202: 0 | AQ202: 0 | AR202: 0 | AS202: 0 | AT202: 0 | AU202: 0 | AV202: 0 | AW202: 0 | AX202: 0 | AY202: 0 | AZ202: 0 | BA202: 0 | BB202: 0 | BC202: 0 | BD202: 0 | BE202: 0 | BF202: 0 | BG202: 0 | BH202: 0 | BI202: 0 | BJ202: 0 | BK202: 0 | BL202: 0 | BM202: 0 | BN202: 0 | BO202: 0 | BP202: 0 | BQ202: 0 | BR202: 0 | BS202: 0 | BT202: 0 | BU202: 0 | BV202: 0 | BW202: 0 | BX202: 0 | BY202: 0 | BZ202: 0 | CA202: 0 | CB202: 0 | CC202: 0 | CD202: 0 | CE202: 0 | CF202: 0 | CG202: 0 | CH202: 0 | CI202: 0 | CJ202: 0 | CK202: 0 | CL202: 0
B213: MW MVAR 150KV LINE TRANSMISSION
C214: G I TOMOHON 150 KV | G214: PLTP LAHENDONG 1&2 | O214: PLTP LAHENDONG 3&4 | W214: G I K A W A N G K O A N | AE214: G I L O P A N A | AU214: G I S T E L I N G | BC214: P L T U A M U R A N G | BG214: G I O T A M | BO214: G I L O L A K | BW214: G I BUROKO | CE214: G I I S I M U | CQ214: G I B O T U P I N G G E | CU214: G I M A R I S A | CY214: G I TANJUNG MERAH | DC214: GI PANIKI | DK214: ANGGREK
C215: G I TOMOHON 150 KV | G215: PLTP LAHENDONG 1&2 | O215: PLTP LAHENDONG 3&4 | W215: G I K A W A N G K O A N | AE215: G I L O P A N A | AU215: G I S T E L I N G | BC215: P L T U A M U R A N G | BG215: G I O T A M | BO215: G I L O L A K | BW215: G I BUROKO | CE215: G I I S I M U | CM215: G I B O T U P I N G G E | CQ215: G I M A R I S A | CU215: G I TANJUNG MERAH | CY215: GI PANIKI | DG215: ANGGREK | DK215: GI GOBAR
B216: JAM | C216: LAHENDONG 3&4 | E216: LAHENDONG 3&4 | G216: LAHENDONG 3&4 | I216: LAHENDONG 3&4 | K216: KAWANGKOAN | M216: KAWANGKOAN | O216: TOMOHON | Q216: TOMOHON | S216: LAHENDONG 1&2 | U216: LAHENDONG 1&2 | W216: LAHENDONG 1&2 | Y216: LAHENDONG 1&3 | AA216: LOPANA | AC216: LOPANA | AE216: KAWANGKOAN | AG216: KAWANGKOAN | AI216: PLTU AMURANG | AK216: PLTU AMURANG | AM216: GIS TELING | AO216: GIS TELING | AQ216: OTAM | AS216: OTAM | AU216: LOPANA | AW216: LOPANA | AY216: PANIKI | BA216: PANIKI | BC216: LOPANA | BE216: LOPANA | BG216: LOPANA | BI216: LOPANA | BK216: LOLAK | BM216: LOLAK | BO216: OTAM | BQ216: OTAM | BS216: BUROKO | BU216: BUROKO | BW216: LOLAK | BY216: LOLAK | CA216: ISIMU | CC216: ANGGREK | CE216: BUROKO | CG216: GOBAR | CI216: PLTU MOLOTABU | CK216: TILAMUTA | CM216: GOBAR | CO216: ISIMU/MOLOTABU | CQ216: TILAMUTA | CS216: TILAMUTA | CU216: PANIKI | CW216: PANIKI | CY216: TELING | DA216: TELING | DC216: TANJUNG MERAH | DE216: TANJUNG MERAH | DG216: BOROKO | DI216: TILAMUTA | DK216: ISIMU | DM216: ISIMU
C217: LINE 1 | E217: LINE 2 | G217: LINE 1 | I217: LINE 2 | K217: LINE 1 | M217: LINE 2 | O217: LINE 1 | Q217: LINE 2 | S217: LINE 1 | U217: LINE 2 | W217: LINE 1 | Y217: LINE 2 | AA217: LINE 1 | AC217: LINE 2 | AE217: LINE 1 | AG217: LINE 2 | AI217: LINE 1 | AK217: LINE 2 | AM217: LINE 1 | AO217: LINE 2 | AQ217: LINE 1 | AS217: LINE 2 | AU217: LINE 1 | AW217: LINE 2 | AY217: LINE 1 | BA217: LINE 2 | BC217: LINE 1 | BE217: LINE 2 | BG217: LINE 1 | BI217: LINE 2 | BK217: LINE 1 | BM217: LINE 2 | BO217: LINE 1 | BQ217: LINE 2 | BS217: LINE 1 | BU217: LINE 2 | BW217: LINE 1 | BY217: LINE 2 | CA217: LINE 1 | CC217: LINE 1 | CE217: LINE 1 | CG217: LINE 1 | CI217: LINE 1 | CK217: LINE 1 | CM217: LINE 1 | CO217: LINE 1 | CQ217: LINE 1 | CS217: LINE 2 | CU217: LINE 1 | CW217: LINE 2 | CY217: LINE 1 | DA217: LINE 2 | DC217: LINE 1 | DE217: LINE 2 | DG217: LINE 1 | DI217: LINE 1 | DK217: LINE 1 | DM217: LINE 2
C218: MW | D218: MVAR | E218: MW | F218: MVAR | G218: MW | H218: MVAR | I218: MW | J218: MVAR | K218: MW | L218: MVAR | M218: MW | N218: MVAR | O218: MW | P218: MVAR | Q218: MW | R218: MVAR | S218: MW | T218: MVAR | U218: MW | V218: MVAR | W218: MW | X218: MVAR | Y218: MW | Z218: MVAR | AA218: MW | AB218: MVAR | AC218: MW | AD218: MVAR | AE218: MW | AF218: MVAR | AG218: MW | AH218: MVAR | AI218: MW | AJ218: MVAR | AK218: MW | AL218: MVAR | AM218: MW | AN218: MVAR | AO218: MW | AP218: MVAR | AQ218: MW | AR218: MVAR | AS218: MW | AT218: MVAR | AU218: MW | AV218: MVAR | AW218: MW | AX218: MVAR | AY218: MW | AZ218: MVAR | BA218: MW | BB218: MVAR | BC218: MW | BD218: MVAR | BE218: MW | BF218: MVAR | BG218: MW | BH218: MVAR | BI218: MW | BJ218: MVAR | BK218: MW | BL218: MVAR | BM218: MW | BN218: MVAR | BO218: MW | BP218: MVAR | BQ218: MW | BR218: MVAR | BS218: MW | BT218: MVAR | BU218: MW | BV218: MVAR | BW218: MW | BX218: MVAR | BY218: MW | BZ218: MVAR | CA218: MW | CB218: MVAR | CC218: MW | CD218: MVAR | CE218: MW | CF218: MVAR | CG218: MW | CH218: MVAR | CI218: MW | CJ218: MVAR | CK218: MW | CL218: MVAR | CM218: MW | CN218: MVAR | CO218: MW | CP218: MVAR | CQ218: MW | CR218: MVAR | CS218: MW | CT218: MVAR | CU218: MW | CV218: MVAR | CW218: MW | CX218: MVAR | CY218: MW | CZ218: MVAR | DA218: MW | DB218: MVAR | DC218: MW | DD218: MVAR | DE218: MW | DF218: MVAR | DG218: MW | DH218: MVAR | DI218: MW | DJ218: MVAR | DK218: MW | DL218: MVAR | DM218: MW | DN218: MVAR
B219: 0
B220: 0.020833333 | C220: -30.141001 | D220: -4.2640004 | E220: -29.926001 | F220: -3.6590002 | G220: 16.284 | H220: 4.2920003 | I220: 16.554001 | J220: 4.2220001 | K220: -1.5280001 | L220: -7.2070003 | M220: -1.6730001 | N220: -7.3930001 | O220: 30.561001 | P220: 3.5190001 | Q220: 30.461002 | R220: 3.6570001 | S220: -16.196001 | T220: -4.5370002 | U220: -16.291 | V220: -4.6230001 | W220: 1.429 | X220: 6.3960004 | Y220: 1.215 | Z220: 6.5050001 | AA220: 14.340001 | AB220: -6.8850002 | AC220: 13.473001 | AD220: -6.8260002 | AE220: -13.507001 | AF220: 5.2980003 | AG220: -14.029 | AH220: 5.4240003 | AI220: -54.147003 | AJ220: -5.1930003 | AK220: -54.851002 | AL220: -5.2450004 | AM220: 27.928001 | AN220: -11.143001 | AO220: 28.264002 | AP220: -11.261001 | AQ220: 71.706001 | AR220: 18.216002 | AS220: 0 | AT220: 0 | AU220: -42.978558 | AV220: -14.980044 | AW220: 0 | AX220: 0 | AY220: 18.844002 | AZ220: 3.7380002 | BA220: 32.945656 | BB220: 6.1741505 | BC220: 55.625004 | BD220: 4.1990004 | BE220: 55.395004 | BF220: 4.585 | BG220: -27.891001 | BH220: 7.5190005 | BI220: -25.823002 | BJ220: 8.1610003 | BK220: 20.577002 | BL220: -9.8550005 | BM220: 20.585001 | BN220: -9.8170004 | BO220: -20.402 | BP220: 7.5480003 | BQ220: -20.399 | BR220: 7.5720005 | BS220: 16.702002 | BT220: -8.6300001 | BU220: 16.790001 | BV220: -8.5130005 | BW220: -16.688002 | BX220: 3.095 | BY220: -16.552 | BZ220: 3.0440001 | CA220: 26.27 | CB220: -1.7860001 | CC220: 3.4220002 | CD220: -5.3970003 | CE220: -26.246002 | CF220: -2.937 | CG220: 16.790001 | CH220: 3.2970002 | CI220: 3.8860002 | CJ220: 0.70100003 | CK220: -5.1530004 | CL220: -2.7940001 | CM220: -10.056001 | CN220: -4.3790002 | CO220: -18.622002 | CP220: -3.5750003 | CQ220: -4.2980003 | CR220: -6.6030002 | CS220: -4.3570004 | CT220: -6.6690001 | CU220: -8.1270008 | CV220: 2.3140001 | CW220: -8.0110006 | CX220: 2.3200002 | CY220: -18.844002 | CZ220: -3.7380002 | DA220: -18.537001 | DB220: -3.7240002 | DC220: 7.9520001 | DD220: -0.80100006 | DE220: 7.9500003 | DF220: -0.67000002 | DG220: -3.78 | DH220: 0.44999999 | DI220: 19.08 | DJ220: 0.35999998 | DK220: 0 | DL220: 0 | DM220: -16.790001 | DN220: -3.2970002
B221: 0.041666667 | C221: -29.507002 | D221: -4.0480003 | E221: -29.427002 | F221: -3.5100002 | G221: 15.825001 | H221: 4.1200004 | I221: 15.800001 | J221: 4.2880001 | K221: -0.60400003 | L221: -7.4060001 | M221: -0.49700001 | N221: -7.7020001 | O221: 30.010002 | P221: 3.3420002 | Q221: 29.935001 | R221: 3.5570002 | S221: -15.738001 | T221: -4.5050001 | U221: -16.066 | V221: -4.513 | W221: 0.89900005 | X221: 6.3920002 | Y221: 1.0760001 | Z221: 6.4960003 | AA221: 15.274001 | AB221: -6.9290004 | AC221: 15.072001 | AD221: -7.1210003 | AE221: -15.007001 | AF221: 5.6450005 | AG221: -13.937 | AH221: 5.2870002 | AI221: -51.528004 | AJ221: -4.8150001 | AK221: -52.013004 | AL221: -4.6870003 | AM221: 26.219002 | AN221: -11.383 | AO221: 26.128002 | AP221: -11.410001 | AQ221: 70.039001 | AR221: 17.734001 | AS221: 0 | AT221: 0 | AU221: -42.978558 | AV221: -14.829554 | AW221: 0 | AX221: 0 | AY221: 18.404001 | AZ221: 3.7280002 | BA221: 32.210884 | BB221: 6.0685787 | BC221: 51.979004 | BD221: 3.9000001 | BE221: 52.215004 | BF221: 3.9910002 | BG221: -25.832001 | BH221: 7.4970002 | BI221: -24.215002 | BJ221: 8.1700001 | BK221: 19.281 | BL221: -9.7660007 | BM221: 19.083 | BN221: -9.6930008 | BO221: -19.036001 | BP221: 7.4430003 | BQ221: -18.807001 | BR221: 7.3300004 | BS221: 15.637001 | BT221: -8.5010004 | BU221: 15.696001 | BV221: -8.4760008 | BW221: -15.141001 | BX221: 2.7820001 | BY221: -15.425001 | BZ221: 2.8400002 | CA221: 24.822001 | CB221: -0.44800001 | CC221: 2.9160001 | CD221: -5.1240001 | CE221: -24.386002 | CF221: -3.3990002 | CG221: 15.958001 | CH221: 3.2940001 | CI221: 3.2870002 | CJ221: 0.87500006 | CK221: -4.993 | CL221: -2.8190002 | CM221: -9.2210007 | CN221: -4.5510001 | CO221: -18.605001 | CP221: -3.4160001 | CQ221: -4.1490002 | CR221: -6.5920005 | CS221: -4.1860003 | CT221: -6.6820002 | CU221: -7.8220005 | CV221: 2.3500001 | CW221: -7.9040003 | CX221: 2.319 | CY221: -18.404001 | CZ221: -3.7280002 | DA221: -18.073 | DB221: -3.6210003 | DC221: 7.8090005 | DD221: -0.58000004 | DE221: 7.7540002 | DF221: -0.65200001 | DG221: -2.8799999 | DH221: 0.089999996 | DI221: 18.09 | DJ221: 0.17999999 | DK221: 0 | DL221: 0 | DM221: -15.958001 | DN221: -3.2940001
B222: 0.0625 | C222: -29.050001 | D222: -3.8410001 | E222: -28.788002 | F222: -3.2320001 | G222: 15.128 | H222: 4.1820002 | I222: 15.373001 | J222: 4.0930004 | K222: -0.36900002 | L222: -7.5690002 | M222: -0.45800003 | N222: -7.7530003 | O222: 29.493002 | P222: 3.0790002 | Q222: 29.390001 | R222: 3.2030001 | S222: -15.119 | T222: -4.4000001 | U222: -15.226001 | V222: -4.5020003 | W222: 0.17300001 | X222: 6.7670002 | Y222: 0.39700001 | Z222: 6.7500005 | AA222: 15.847001 | AB222: -7.1650004 | AC222: 15.277 | AD222: -7.2800002 | AE222: -15.282001 | AF222: 5.7700005 | AG222: -14.393001 | AH222: 5.4800005 | AI222: -48.759003 | AJ222: -4.4230003 | AK222: -49.515003 | AL222: -4.2770004 | AM222: 24.777 | AN222: -11.55 | AO222: 24.862001 | AP222: -11.571 | AQ222: 68.350006 | AR222: 17.029001 | AS222: 0 | AT222: 0 | AU222: -42.978558 | AV222: -14.310135 | AW222: 0 | AX222: 0 | AY222: 18.012001 | AZ222: 3.5130002 | BA222: 31.502211 | BB222: 5.8020453 | BC222: 48.147003 | BD222: 3.7070003 | BE222: 49.599003 | BF222: 3.6530001 | BG222: -24.532001 | BH222: 7.5830002 | BI222: -23.190001 | BJ222: 8.2680006 | BK222: 17.762001 | BL222: -9.7440004 | BM222: 18.265001 | BN222: -9.8410006 | BO222: -17.838001 | BP222: 7.3980002 | BQ222: -17.820002 | BR222: 7.3760004 | BS222: 14.181001 | BT222: -8.4260006 | BU222: 14.394001 | BV222: -8.4020004 | BW222: -14.253 | BX222: 2.7630002 | BY222: -14.117001 | BZ222: 2.6630001 | CA222: 23.254002 | CB222: -0.62200004 | CC222: 1.978 | CD222: -4.8720002 | CE222: -23.275002 | CF222: -3.3890002 | CG222: 15.191001 | CH222: 3.4020002 | CI222: 2.8430002 | CJ222: 1.0380001 | CK222: -4.848 | CL222: -2.8420002 | CM222: -8.6500006 | CN222: -4.6500001 | CO222: -18.401001 | CP222: -3.1610003 | CQ222: -4.0080004 | CR222: -6.6160002 | CS222: -4.0900002 | CT222: -6.7400002 | CU222: -7.7110004 | CV222: 2.2620001 | CW222: -7.6680002 | CX222: 2.181 | CY222: -18.012001 | CZ222: -3.5130002 | DA222: -17.751001 | DB222: -3.6250002 | DC222: 7.6660004 | DD222: -0.59100002 | DE222: 7.6140003 | DF222: -0.43900001 | DG222: -2.25 | DH222: -0.17999999 | DI222: 17.549999 | DJ222: 0.089999996 | DK222: 0 | DL222: 0 | DM222: -15.191001 | DN222: -3.4020002
B223: 0.083333333 | C223: -27.694002 | D223: -3.7580001 | E223: -27.592001 | F223: -3.1910002 | G223: 13.637001 | H223: + | I223: 13.877001 | J223: 4.1340003 | K223: 1.47 | L223: -7.5120006 | M223: 1.3010001 | N223: -7.7190003 | O223: 28.092001 | P223: 3.0860002 | Q223: 28.122002 | R223: 3.2060001 | S223: -13.908001 | T223: -4.296 | U223: -13.97 | V223: -4.3580003 | W223: -1.3100001 | X223: 6.6110005 | Y223: -0.74100006 | Z223: 6.6180005 | AA223: 16.690001 | AB223: -6.7350001 | AC223: 16.666 | AD223: -6.9540005 | AE223: -16.994001 | AF223: 5.6540003 | AG223: -16.047001 | AH223: 5.3530002 | AI223: -45.355003 | AJ223: -4.2770004 | AK223: -46.006001 | AL223: -4.079 | AM223: 24.401001 | AN223: -11.581 | AO223: 24.296001 | AP223: -11.580001 | AQ223: 65.885002 | AR223: 17.283001 | AS223: 0 | AT223: 0 | AU223: -42.978558 | AV223: -14.785437 | AW223: 0 | AX223: 0 | AY223: 17.628 | AZ223: 3.8420002 | BA223: 30.778484 | BB223: 6.0397682 | BC223: 45.583004 | BD223: 3.3630002 | BE223: 46.409 | BF223: 3.1650002 | BG223: -24.005001 | BH223: 7.6280003 | BI223: -22.186001 | BJ223: 8.2690001 | BK223: 17.76 | BL223: -9.7980003 | BM223: 17.574001 | BN223: -9.7710009 | BO223: -17.528002 | BP223: 7.4550004 | BQ223: -17.261002 | BR223: 7.3400002 | BS223: 14.156001 | BT223: -8.5050001 | BU223: 14.388 | BV223: -8.4800005 | BW223: -13.968 | BX223: 2.8010001 | BY223: -14.102 | BZ223: 2.8360002 | CA223: 23.310001 | CB223: -2.319 | CC223: 1.9330001 | CD223: -4.7410002 | CE223: -22.974001 | CF223: -2.9690001 | CG223: 14.864 | CH223: 2.825 | CI223: 2.9900002 | CJ223: 0.44200003 | CK223: -4.8740001 | CL223: -2.2030001 | CM223: -8.698 | CN223: -4.118 | CO223: -17.35 | CP223: -3.3470001 | CQ223: -3.9320002 | CR223: -6.7190003 | CS223: -3.9960003 | CT223: -6.7720003 | CU223: -7.5920005 | CV223: 2.3500001 | CW223: -7.5660005 | CX223: 2.4660001 | CY223: -17.628 | CZ223: -3.8420002 | DA223: -17.304001 | DB223: -3.6580002 | DC223: 7.5010004 | DD223: -0.61800003 | DE223: 7.4310002 | DF223: -0.66200006 | DG223: -1.98 | DH223: -0.27000001 | DI223: 17.639999 | DJ223: -0.089999996 | DK223: 0 | DL223: 0 | DM223: -14.864 | DN223: -2.825
B224: 0.10416667 | C224: -27.161001 | D224: -2.993 | E224: -27.125002 | F224: -2.473 | G224: 13.306001 | H224: 32-+ | I224: 13.662001 | J224: 3.8270001 | K224: 1.5190001 | L224: -7.8090005 | M224: 1.3310001 | N224: -7.9880004 | O224: 27.701002 | P224: 2.3720002 | Q224: 27.670002 | R224: 2.49 | S224: -13.449 | T224: -4.0470004 | U224: -13.457001 | V224: -4.171 | W224: -1.4050001 | X224: 6.9200006 | Y224: -1.478 | Z224: 7.0840001 | AA224: 18.01 | AB224: -7.4720001 | AC224: 17.314001 | AD224: -7.5100002 | AE224: -17.394001 | AF224: 6.0690002 | AG224: -16.291 | AH224: 5.7080002 | AI224: -43.426003 | AJ224: -4.0010004 | AK224: -43.714001 | AL224: -3.8480003 | AM224: 23.731001 | AN224: -11.813001 | AO224: 23.535002 | AP224: -11.76 | AQ224: 64.193001 | AR224: 16.111 | AS224: 0 | AT224: 0 | AU224: -42.978558 | AV224: -14.219526 | AW224: 0 | AX224: 0 | AY224: 17.155001 | AZ224: 3.6240001 | BA224: 30.032616 | BB224: 5.6460052 | BC224: 43.574001 | BD224: 3.0550001 | BE224: 44.219002 | BF224: 2.9980001 | BG224: -23.428001 | BH224: 7.7800002 | BI224: -21.747002 | BJ224: 8.4260006 | BK224: 16.724001 | BL224: -9.7460003 | BM224: 17.282001 | BN224: -9.9400005 | BO224: -16.694 | BP224: 7.3310003 | BQ224: -16.587 | BR224: 7.2720003 | BS224: 13.51 | BT224: -8.4310007 | BU224: 13.606001 | BV224: -8.3720007 | BW224: -13.319 | BX224: 2.7050002 | BY224: -13.233001 | BZ224: 2.5610001 | CA224: 22.349001 | CB224: -1.1680001 | CC224: 1.5940001 | CD224: -4.4650002 | CE224: -22.192001 | CF224: -3.2740002 | CG224: 14.396001 | CH224: 2.9630001 | CI224: 2.776 | CJ224: 0.70400006 | CK224: -4.7460003 | CL224: -2.2710001 | CM224: -8.5020008 | CN224: -4.1720004 | CO224: -17.103001 | CP224: -3.1200001 | CQ224: -3.8870001 | CR224: -6.7560005 | CS224: -3.9540002 | CT224: -6.8540001 | CU224: -7.4490004 | CV224: 2.1560001 | CW224: -7.3960004 | CX224: 2.358 | CY224: -17.155001 | CZ224: -3.6240001 | DA224: -16.994001 | DB224: -3.5760002 | DC224: 7.3630004 | DD224: -0.59200001 | DE224: 7.4050002 | DF224: -0.57600003 | DG224: -1.53 | DH224: -0.54000002 | DI224: 17.190001 | DJ224: -0.089999996 | DK224: 0 | DL224: 0 | DM224: -14.396001 | DN224: -2.9630001
B225: 0.125 | C225: -27.337002 | D225: -2.707 | E225: -27.106001 | F225: -2.217 | G225: 13.543 | H225: 3.8890002 | I225: 13.391001 | J225: 3.9700003 | K225: 1.649 | L225: -8.4500008 | M225: 1.9580001 | N225: -8.7650003 | O225: 27.626001 | P225: 1.932 | Q225: 27.539001 | R225: 2.0710001 | S225: -13.241 | T225: -4.2360001 | U225: -13.553 | V225: -4.2450004 | W225: -1.4210001 | X225: 7.5980005 | Y225: -1.6730001 | Z225: 7.8270001 | AA225: 17.878 | AB225: -8.066 | AC225: 16.926001 | AD225: -8.0440006 | AE225: -17.432001 | AF225: 6.6470003 | AG225: -16.598001 | AH225: 6.4270005 | AI225: -41.444 | AJ225: -3.9540002 | AK225: -42.555 | AL225: -3.6040001 | AM225: 22.395 | AN225: -12.262001 | AO225: 22.277 | AP225: -12.272 | AQ225: 63.753002 | AR225: 15.527 | AS225: 0 | AT225: 0 | AU225: -42.978558 | AV225: -13.595937 | AW225: 0 | AX225: 0 | AY225: 16.969 | AZ225: 3.4800003 | BA225: 29.721079 | BB225: 5.3772688 | BC225: 42.194 | BD225: 2.5930002 | BE225: 42.047001 | BF225: 2.7490001 | BG225: -22.247002 | BH225: 8.1930008 | BI225: -20.487001 | BJ225: 8.7820005 | BK225: 15.578001 | BL225: -10.150001 | BM225: 15.965001 | BN225: -10.294001 | BO225: -15.658001 | BP225: 7.8400002 | BQ225: -15.464001 | BR225: 7.7420006 | BS225: 12.085001 | BT225: -8.7820005 | BU225: 12.442 | BV225: -8.802 | BW225: -12.037001 | BX225: 2.835 | BY225: -12.251 | BZ225: 2.8930001 | CA225: 20.442001 | CB225: -0.84000003 | CC225: 0.85800004 | CD225: -4.368 | CE225: -20.429001 | CF225: -2.9760001 | CG225: 13.259001 | CH225: 2.7360001 | CI225: 1.3180001 | CJ225: 0.57000005 | CK225: -3.9980001 | CL225: -2.1860001 | CM225: -7.2530003 | CN225: -4.1670003 | CO225: -17.776001 | CP225: -3.0960002 | CQ225: -3.8640001 | CR225: -6.7990003 | CS225: -3.9070003 | CT225: -6.8930001 | CU225: -7.4180002 | CV225: 2.2650001 | CW225: -7.3620005 | CX225: 2.23 | CY225: -16.969 | CZ225: -3.4800003 | DA225: -16.696001 | DB225: -3.4810002 | DC225: 7.3260002 | DD225: -0.55600005 | DE225: 7.3060002 | DF225: -0.583 | DG225: -1.17 | DH225: -0.63 | DI225: 16.289999 | DJ225: -0.54000002 | DK225: 0 | DL225: 0 | DM225: -13.259001 | DN225: -2.7360001
B226: 0.14583333 | C226: -27.139002 | D226: -5.5690002 | E226: -26.951002 | F226: -5.026 | G226: 13.345 | H226: 5.7340002 | I226: 13.219001 | J226: 5.7400002 | K226: 1.8010001 | L226: -8.9660006 | M226: 2.0580001 | N226: -9.2970009 | O226: 27.505001 | P226: 4.8860002 | Q226: 27.345001 | R226: 4.9490004 | S226: -13.027 | T226: -6.0500002 | U226: -13.361001 | V226: -6.1630001 | W226: -1.8190001 | X226: 8.184 | Y226: -1.774 | Z226: 8.2400007 | AA226: 16.231001 | AB226: -8.2030001 | AC226: 15.527 | AD226: -8.1960001 | AE226: -15.449 | AF226: 6.7650003 | AG226: -14.806001 | AH226: 6.5400004 | AI226: -42.123001 | AJ226: -4.5780001 | AK226: -42.336002 | AL226: -4.5350003 | AM226: 21.349001 | AN226: -12.497001 | AO226: 21.413 | AP226: -12.528001 | AQ226: 63.282001 | AR226: 17.383001 | AS226: 0 | AT226: 0 | AU226: -42.978558 | AV226: -15.165238 | AW226: 0 | AX226: 0 | AY226: 16.748001 | AZ226: 3.2710001 | BA226: 29.140177 | BB226: 5.0187826 | BC226: 41.762001 | BD226: 3.7170002 | BE226: 43.174004 | BF226: 3.4520001 | BG226: -21.306002 | BH226: 8.4200001 | BI226: -19.557001 | BJ226: 9.0320005 | BK226: 14.981001 | BL226: -10.422001 | BM226: 15.072001 | BN226: -10.409 | BO226: -14.833001 | BP226: 7.9860005 | BQ226: -14.796 | BR226: 7.9380002 | BS226: 11.336 | BT226: -8.9570007 | BU226: 11.544001 | BV226: -8.8970003 | BW226: -11.457001 | BX226: 3.0660002 | BY226: -11.426001 | BZ226: 3.1110001 | CA226: 19.738001 | CB226: -2.0940001 | CC226: 0.29300001 | CD226: -4.5020003 | CE226: -19.753 | CF226: -2.6820002 | CG226: 12.924001 | CH226: 2.5500002 | CI226: 1.2620001 | CJ226: 0.39500001 | CK226: -4.0700002 | CL226: -2.102 | CM226: -7.0800004 | CN226: -3.9670002 | CO226: -17.599001 | CP226: -3.0280001 | CQ226: -3.8080001 | CR226: -6.7160006 | CS226: -3.8420002 | CT226: -6.8620005 | CU226: -7.2360005 | CV226: 2.138 | CW226: -7.1520004 | CX226: 2.2680001 | CY226: -16.748001 | CZ226: -3.2710001 | DA226: -16.411001 | DB226: -3.2620001 | DC226: 7.1560001 | DD226: -0.46000001 | DE226: 7.1290002 | DF226: -0.49600002 | DG226: -0.54000002 | DH226: -0.44999999 | DI226: 16.289999 | DJ226: -0.71999997 | DK226: 0 | DL226: 0 | DM226: -12.924001 | DN226: -2.5500002
B227: 0.16666667 | C227: -29.198002 | D227: -7.7220006 | E227: -29.026001 | F227: -7.1300001 | G227: 15.509001 | H227: 6.8080001 | I227: 15.302001 | J227: 6.9990005 | K227: 0.24400002 | L227: -8.7610006 | M227: 0.42500001 | N227: -9.1110001 | O227: 29.600002 | P227: 6.9610004 | Q227: 29.464001 | R227: 7.2190003 | S227: -15.388 | T227: -7.1990004 | U227: -15.667001 | V227: -7.2110004 | W227: -0.14 | X227: 7.9690003 | Y227: -0.043000001 | Z227: 8.0440006 | AA227: 14.719001 | AB227: -8.257 | AC227: 13.89 | AD227: -8.1620007 | AE227: -13.594001 | AF227: 6.5730004 | AG227: -13.988001 | AH227: 6.6540003 | AI227: -44.421001 | AJ227: -4.2840004 | AK227: -44.445004 | AL227: -4.3920002 | AM227: 21.687 | AN227: -13.237 | AO227: 21.858002 | AP227: -13.337001 | AQ227: 64.612 | AR227: 18.682001 | AS227: 0 | AT227: 0 | AU227: -42.978558 | AV227: -16.137959 | AW227: 0 | AX227: 0 | AY227: 16.536001 | AZ227: 3.0260003 | BA227: 28.672626 | BB227: 4.602303 | BC227: 45.241001 | BD227: 3.2780001 | BE227: 44.653004 | BF227: 3.5360003 | BG227: -21.471001 | BH227: 9.257 | BI227: -19.877001 | BJ227: 9.8240004 | BK227: 15.076001 | BL227: -11.103001 | BM227: 15.292001 | BN227: -11.183001 | BO227: -15.161 | BP227: 8.7380009 | BQ227: -14.989 | BR227: 8.6640005 | BS227: 11.530001 | BT227: -9.6390009 | BU227: 11.89 | BV227: -9.6530008 | BW227: -11.679001 | BX227: 3.9010003 | BY227: -11.396001 | BZ227: 3.8030002 | CA227: 19.862001 | CB227: -2.1240001 | CC227: 0.45800003 | CD227: -5.2290001 | CE227: -19.977001 | CF227: -1.8850001 | CG227: 12.874001 | CH227: 2.1270001 | CI227: 1.3690001 | CJ227: 0.039000001 | CK227: -3.9890001 | CL227: -2.072 | CM227: -7.1920004 | CN227: -3.6590002 | CO227: -17.071001 | CP227: -3.154 | CQ227: -3.8000002 | CR227: -6.6550002 | CS227: -3.8320003 | CT227: -6.7840004 | CU227: -7.2560005 | CV227: 1.9870001 | CW227: -7.1640005 | CX227: 2.1420002 | CY227: -16.536001 | CZ227: -3.0260003 | DA227: -16.190001 | DB227: -2.9720001 | DC227: 7.1320004 | DD227: -0.25 | DE227: 7.0470004 | DF227: -0.33600003 | DG227: -0.63 | DH227: 0.17999999 | DI227: 16.379999 | DJ227: -0.63 | DK227: 0 | DL227: 0 | DM227: -12.874001 | DN227: -2.1270001
B228: 0.1875 | C228: -29.449001 | D228: -5.0990005 | E228: -29.393002 | F228: -4.6030002 | G228: 15.411001 | H228: 5.276 | I228: 15.728001 | J228: 5.3510003 | K228: 0.43500003 | L228: -8.5810003 | M228: 0.072000004 | N228: -8.7590008 | O228: 29.855001 | P228: 4.428 | Q228: 29.794001 | R228: 4.6070004 | S228: -15.812 | T228: -5.6160002 | U228: -15.944001 | V228: -5.6350002 | W228: -0.031000001 | X228: 7.6320004 | Y228: 0.19700001 | Z228: 7.7860003 | AA228: 13.632001 | AB228: -7.8660002 | AC228: 13.668 | AD228: -7.9800005 | AE228: -13.533001 | AF228: 6.5760002 | AG228: -13.022 | AH228: 6.2960005 | AI228: -44.429001 | AJ228: -3.9550002 | AK228: -45.636002 | AL228: -3.6340001 | AM228: 21.268002 | AN228: -12.815001 | AO228: 21.432001 | AP228: -12.814001 | AQ228: 65.132004 | AR228: 16.775002 | AS228: 0 | AT228: 0 | AU228: -42.978558 | AV228: -14.6952 | AW228: 0 | AX228: 0 | AY228: 16.642 | AZ228: 3.279 | BA228: 28.980501 | BB228: 4.8779054 | BC228: 45.490002 | BD228: 2.7420001 | BE228: 45.610001 | BF228: 2.858 | BG228: -21.185001 | BH228: 8.7390003 | BI228: -19.43 | BJ228: 9.2990007 | BK228: 14.427001 | BL228: -10.6 | BM228: 14.544001 | BN228: -10.647 | BO228: -14.519001 | BP228: 8.2550001 | BQ228: -14.324 | BR228: 8.1150007 | BS228: 11.146001 | BT228: -9.2190008 | BU228: 11.317 | BV228: -9.2060003 | BW228: -11.239 | BX228: 3.3080001 | BY228: -11.008 | BZ228: 3.2270002 | CA228: 19.408001 | CB228: -1.6270001 | CC228: 0.093000002 | CD228: -4.6470003 | CE228: -19.329 | CF228: -2.5100002 | CG228: 12.637001 | CH228: 2.427 | CI228: 1.217 | CJ228: 0.35900003 | CK228: -4.1350002 | CL228: -2.02 | CM228: -6.9540005 | CN228: -3.9400003 | CO228: -17.438002 | CP228: -2.9920001 | CQ228: -3.8030002 | CR228: -6.7350001 | CS228: -3.8560002 | CT228: -6.8210001 | CU228: -7.2270002 | CV228: 2.006 | CW228: -7.2400002 | CX228: 2.112 | CY228: -16.642 | CZ228: -3.279 | DA228: -16.338001 | DB228: -3.1930001 | DC228: 7.2790003 | DD228: -0.47600001 | DE228: 7.1550002 | DF228: -0.34900001 | DG228: -0.17999999 | DH228: -0.54000002 | DI228: 16.02 | DJ228: -0.71999997 | DK228: 0 | DL228: 0 | DM228: -12.637001 | DN228: -2.427
B229: 0.20833333 | C229: -30.467001 | D229: -5.4710002 | E229: -30.348001 | F229: -4.8790002 | G229: 16.472 | H229: 5.598 | I229: 16.741001 | J229: 5.6500001 | K229: 0.384 | L229: -8.9630003 | M229: 0.17200001 | N229: -9.184 | O229: 30.843002 | P229: 4.8180003 | Q229: 30.800001 | R229: 4.9440002 | S229: -16.857 | T229: -5.8780003 | U229: -16.928001 | V229: -5.9120002 | W229: 0.039000001 | X229: 7.9730005 | Y229: -0.13100001 | Z229: 8.1760006 | AA229: 13.369 | AB229: -8.2330008 | AC229: 12.446001 | AD229: -8.1129999 | AE229: -12.381001 | AF229: 6.6010003 | AG229: -12.694 | AH229: 6.6370001 | AI229: -48.210003 | AJ229: -4.3930001 | AK229: -48.718002 | AL229: -4.2060003 | AM229: 22.938002 | AN229: -12.740001 | AO229: 23.038002 | AP229: -12.819 | AQ229: 66.268005 | AR229: 17.479 | AS229: 0 | AT229: 0 | AU229: -42.978558 | AV229: -14.823946 | AW229: 0 | AX229: 0 | AY229: 16.686001 | AZ229: 3.1580002 | BA229: 29.394922 | BB229: 5.04004 | BC229: 47.52 | BD229: 3.5380001 | BE229: 48.486004 | BF229: 3.5300002 | BG229: -22.740002 | BH229: 8.717 | BI229: -20.917002 | BJ229: 9.3560009 | BK229: 15.949 | BL229: -10.726001 | BM229: 16.058001 | BN229: -10.784 | BO229: -16.089001 | BP229: 8.3780003 | BQ229: -15.824 | BR229: 8.2600002 | BS229: 12.421 | BT229: -9.2970009 | BU229: 12.746 | BV229: -9.3290005 | BW229: -12.317 | BX229: 3.4710002 | BY229: -12.231001 | BZ229: 3.3690002 | CA229: 20.678001 | CB229: -2.1300001 | CC229: 1.1580001 | CD229: -4.8460002 | CE229: -20.556002 | CF229: -2.3380001 | CG229: 13.084001 | CH229: 2.3710001 | CI229: 1.5880001 | CJ229: 0.21200001 | CK229: -4.0760002 | CL229: -2.026 | CM229: -7.3930001 | CN229: -3.8030002 | CO229: -17.246 | CP229: -3.0560002 | CQ229: -3.9100001 | CR229: -6.6950002 | CS229: -3.9520001 | CT229: -6.8050003 | CU229: -7.1840005 | CV229: 2.0680001 | CW229: -7.0950003 | CX229: 2.0600002 | CY229: -16.686001 | CZ229: -3.1580002 | DA229: -16.407001 | DB229: -3.1930001 | DC229: 7.0400004 | DD229: -0.36300001 | DE229: 7.0770001 | DF229: -0.33900002 | DG229: -1.26 | DH229: -0.27000001 | DI229: 16.379999 | DJ229: -0.71999997 | DK229: 0 | DL229: 0 | DM229: -13.084001 | DN229: -2.3710001
B230: 0.22916667 | C230: -31.625002 | D230: -6.0540004 | E230: -31.377001 | F230: -5.4060001 | G230: 17.731001 | H230: 5.9100003 | I230: 17.868 | J230: 5.9850001 | K230: -0.57600003 | L230: -8.8870001 | M230: -0.85500002 | N230: -9.125 | O230: 31.903002 | P230: 5.2900004 | Q230: 31.847002 | R230: 5.4460001 | S230: -17.815001 | T230: -6.2160001 | U230: -18.075001 | V230: -6.2350001 | W230: 0.69700003 | X230: 8.0780001 | Y230: 0.96300006 | Z230: 8.0790005 | AA230: 12.284 | AB230: -8.2080002 | AC230: 11.507001 | AD230: -8.1090002 | AE230: -11.964001 | AF230: 6.7120004 | AG230: -11.02 | AH230: 6.3600001 | AI230: -49.679001 | AJ230: -4.7900004 | AK230: -50.795002 | AL230: -4.4440002 | AM230: 22.721001 | AN230: -12.697001 | AO230: 22.578001 | AP230: -12.650001 | AQ230: 68.267006 | AR230: 18.173 | AS230: 0 | AT230: 0 | AU230: -42.978558 | AV230: -15.333982 | AW230: 0 | AX230: 0 | AY230: 16.912001 | AZ230: 3.2900002 | BA230: 30.173061 | BB230: 5.2670908 | BC230: 49.399002 | BD230: 4.0470004 | BE230: 50.238003 | BF230: 3.9990001 | BG230: -22.159 | BH230: 8.5350008 | BI230: -20.531 | BJ230: 9.1990004 | BK230: 15.319001 | BL230: -10.573001 | BM230: 15.365001 | BN230: -10.591001 | BO230: -15.472001 | BP230: 8.3280001 | BQ230: -15.312 | BR230: 8.2590008 | BS230: 11.645 | BT230: -9.1810007 | BU230: 11.931001 | BV230: -9.2750006 | BW230: -11.63 | BX230: 3.3430002 | BY230: -11.592001 | BZ230: 3.3590002 | CA230: 19.764002 | CB230: -1.641 | CC230: 0.43500003 | CD230: -4.6730003 | CE230: -19.631001 | CF230: -2.4460001 | CG230: 12.494 | CH230: 2.3890002 | CI230: 1.1570001 | CJ230: 0.24800001 | CK230: -3.7720001 | CL230: -2.0220001 | CM230: -6.9340005 | CN230: -3.5680001 | CO230: -17.428001 | CP230: -3.1210001 | CQ230: -3.9190001 | CR230: -6.7550001 | CS230: -4.0080004 | CT230: -6.8060002 | CU230: -7.2310004 | CV230: 2.1260002 | CW230: -7.1250005 | CX230: 2.2030001 | CY230: -16.912001 | CZ230: -3.2900002 | DA230: -16.810001 | DB230: -3.1930001 | DC230: 7.1430001 | DD230: -0.49600002 | DE230: 7.0960002 | DF230: -0.41700003 | DG230: -0.63 | DH230: -0.27000001 | DI230: 16.200001 | DJ230: -0.63 | DK230: 0 | DL230: 0 | DM230: -12.494 | DN230: -2.3890002
B231: 0.25 | C231: -31.258001 | D231: -5.9030004 | E231: -31.076002 | F231: -5.3360004 | G231: 17.429001 | H231: 5.5160003 | I231: 17.703001 | J231: 5.5880003 | K231: -0.324 | L231: -8.3050003 | M231: -0.47300002 | N231: -8.5740004 | O231: 31.821001 | P231: 5.2200003 | Q231: 31.745001 | R231: 5.3490005 | S231: -17.620001 | T231: -5.8000002 | U231: -17.808001 | V231: -5.8210001 | W231: 0.72100002 | X231: 7.4620004 | Y231: 0.69700003 | Z231: 7.4630003 | AA231: 12.317 | AB231: -7.8290005 | AC231: 11.894001 | AD231: -7.8600006 | AE231: -11.295 | AF231: 6.1960001 | AG231: -11.014001 | AH231: 6.1290002 | AI231: -50.004002 | AJ231: -5.0990005 | AK231: -50.443001 | AL231: -5.0580001 | AM231: 23.160002 | AN231: -12.078001 | AO231: 23.470001 | AP231: -12.202001 | AQ231: 67.778 | AR231: 18.313002 | AS231: 0 | AT231: 0 | AU231: -42.978558 | AV231: -15.628581 | AW231: 0 | AX231: 0 | AY231: 16.804001 | AZ231: 3.3420002 | BA231: 30.386295 | BB231: 5.6899505 | BC231: 49.983002 | BD231: 4.3500004 | BE231: 50.508003 | BF231: 4.4060001 | BG231: -22.755001 | BH231: 8.0430002 | BI231: -21.017 | BJ231: 8.6560001 | BK231: 16.021 | BL231: -10.214001 | BM231: 16.070002 | BN231: -10.233001 | BO231: -15.880001 | BP231: 7.8460002 | BQ231: -15.812 | BR231: 7.7970004 | BS231: 12.102 | BT231: -8.9110003 | BU231: 12.280001 | BV231: -8.927 | BW231: -12.27 | BX231: 3.21 | BY231: -12.134001 | BZ231: 3.1260002 | CA231: 20.256001 | CB231: -1.9630001 | CC231: 1.026 | CD231: -4.5860004 | CE231: -20.141001 | CF231: -2.5410001 | CG231: 12.575001 | CH231: 2.2880001 | CI231: 1.498 | CJ231: -0.083000004 | CK231: -3.7160001 | CL231: -1.784 | CM231: -7.1440005 | CN231: -3.5600002 | CO231: -16.817001 | CP231: -3.4910002 | CQ231: -3.9120002 | CR231: -6.7450004 | CS231: -3.9650002 | CT231: -6.8380003 | CU231: -7.0890002 | CV231: 2.1460001 | CW231: -7.0740004 | CX231: 2.2290001 | CY231: -16.804001 | CZ231: -3.3420002 | DA231: -16.592001 | DB231: -3.4240003 | DC231: 7.0520005 | DD231: -0.46500003 | DE231: 6.8850002 | DF231: -0.45100003 | DG231: -0.99000001 | DH231: -0.44999999 | DI231: 16.289999 | DJ231: -0.44999999 | DK231: 0 | DL231: 0 | DM231: -12.575001 | DN231: -2.2880001
B232: 0.27083333 | C232: -31.132002 | D232: -6.7290001 | E232: -31.011002 | F232: -6.1210003 | G232: 17.450001 | H232: 5.4720001 | I232: 17.241001 | J232: 5.5770001 | K232: -1.5050001 | L232: -6.8740005 | M232: -1.1580001 | N232: -7.2110004 | O232: 31.614002 | P232: 6.0540004 | Q232: 31.414001 | R232: 6.2100005 | S232: -17.039001 | T232: -5.7940001 | U232: -17.384001 | V232: -5.8740001 | W232: 1.3840001 | X232: 6.0840001 | Y232: 1.1240001 | Z232: 6.2550001 | AA232: 11.39 | AB232: -6.8080001 | AC232: 10.384001 | AD232: -6.6570005 | AE232: -10.421 | AF232: 5.1940002 | AG232: -10.097 | AH232: 5.0180001 | AI232: -51.145004 | AJ232: -4.8080001 | AK232: -52.476002 | AL232: -4.4400001 | AM232: 22.282001 | AN232: -11.384001 | AO232: 22.615002 | AP232: -11.436001 | AQ232: 69.064003 | AR232: 17.872002 | AS232: 0 | AT232: 0 | AU232: -42.978558 | AV232: -15.022387 | AW232: -0.16227737 | AX232: -3.1206636 | AY232: 16.986 | AZ232: 3.5430002 | BA232: 31.372919 | BB232: 6.7226377 | BC232: 50.855003 | BD232: 4.085 | BE232: 51.645004 | BF232: 4.1860003 | BG232: -22.339001 | BH232: 7.4420004 | BI232: -20.426001 | BJ232: 7.9820004 | BK232: 14.992001 | BL232: -9.5480003 | BM232: 15.186001 | BN232: -9.6050005 | BO232: -14.913001 | BP232: 7.1680002 | BQ232: -14.768001 | BR232: 7.0850005 | BS232: 11.643001 | BT232: -8.467 | BU232: 11.596001 | BV232: -8.4620008 | BW232: -11.157001 | BX232: 2.6350002 | BY232: -11.613001 | BZ232: 2.7490001 | CA232: 19.732 | CB232: -1.7830001 | CC232: 0.34800002 | CD232: -4.6070004 | CE232: -19.6 | CF232: -3.0860002 | CG232: 12.752001 | CH232: 2.5900002 | CI232: 1.6090001 | CJ232: -0.303 | CK232: -3.7790003 | CL232: -1.5460001 | CM232: -7.3170004 | CN232: -3.8420002 | CO232: -16.829 | CP232: -4.4810004 | CQ232: -3.8620002 | CR232: -7.0580006 | CS232: -3.9160001 | CT232: -7.1780005 | CU232: -7.0580006 | CV232: 2.148 | CW232: -6.9340005 | CX232: 2.181 | CY232: -16.986 | CZ232: -3.5430002 | DA232: -16.550001 | DB232: -3.5890002 | DC232: 7.0720005 | DD232: -0.47800002 | DE232: 6.9920001 | DF232: -0.51700002 | DG232: -0.35999998 | DH232: -0.35999998 | DI232: 15.84 | DJ232: 0.35999998 | DK232: 0 | DL232: 0 | DM232: -12.657001 | DN232: -2.6660001
B233: 0.29166667 | C233: -26.240002 | D233: -5.6260004 | E233: -26.027 | F233: -5.1130004 | G233: 12.078001 | H233: 4.0120001 | I233: 12.494 | J233: 3.9750001 | K233: 2.8170002 | L233: -4.8650002 | M233: 2.5790002 | N233: -4.9310002 | O233: 26.559002 | P233: 4.9240003 | Q233: 26.515001 | R233: 5.0710001 | S233: -12.383 | T233: -4.1440001 | U233: -12.368001 | V233: -4.2740002 | W233: -2.858 | X233: 4.0600004 | Y233: -2.6530001 | Z233: 4.1750002 | AA233: 14.517001 | AB233: -4.743 | AC233: 14.087001 | AD233: -4.8030005 | AE233: -14.154 | AF233: 3.3500001 | AG233: -13.124001 | AH233: 3.0270002 | AI233: -48.795002 | AJ233: -5.006 | AK233: -50.450001 | AL233: -4.8280001 | AM233: 20.893002 | AN233: -11.226001 | AO233: 20.816002 | AP233: -11.197001 | AQ233: 37.627003 | AR233: 10.709001 | AS233: 37.942001 | AT233: 10.707001 | AU233: -37.634415 | AV233: -11.586181 | AW233: -37.738758 | AX233: -11.587468 | AY233: 17.451 | AZ233: 4.342 | BA233: 32.546085 | BB233: 8.0214577 | BC233: 49.170002 | BD233: 3.9690001 | BE233: 50.018002 | BF233: 4.1140003 | BG233: -20.783001 | BH233: 7.1510005 | BI233: -19.006001 | BJ233: 7.7950006 | BK233: 14.038001 | BL233: -9.382 | BM233: 14.055 | BN233: -9.3700008 | BO233: -14.062 | BP233: 7.0560002 | BQ233: -13.896001 | BR233: 7.0040002 | BS233: 10.485001 | BT233: -8.21 | BU233: 10.790001 | BV233: -8.2470007 | BW233: -10.502001 | BX233: 2.5710001 | BY233: -10.443001 | BZ233: 2.4520001 | CA233: 18.591002 | CB233: -1.276 | CC233: -0.148 | CD233: -4.638 | CE233: -18.458 | CF233: -3.5040002 | CG233: 12.784 | CH233: 2.8390002 | CI233: 1.858 | CJ233: -0.24300002 | CK233: -4.0290003 | CL233: -1.8100001 | CM233: -7.8680005 | CN233: -3.9270003 | CO233: -16.721001 | CP233: -4.7480001 | CQ233: -3.6250002 | CR233: -7.0740004 | CS233: -3.6600001 | CT233: -7.1560001 | CU233: -7.1730003 | CV233: 2.5860002 | CW233: -7.0510001 | CX233: 2.546 | CY233: -17.451 | CZ233: -4.342 | DA233: -16.935001 | DB233: -4.2310004 | DC233: 7.0920005 | DD233: -0.86100006 | DE233: 7.0530005 | DF233: -0.83500004 | DG233: 0.089999996 | DH233: -0.27000001 | DI233: 15.48 | DJ233: 0.54000002 | DK233: 0 | DL233: 0 | DM233: -12.784 | DN233: -2.8390002
B234: 0.3125 | C234: -26.136002 | D234: -6.1550002 | E234: -26.110001 | F234: -5.6540003 | G234: 12.387001 | H234: 3.7700002 | I234: 12.377001 | J234: 3.9020002 | K234: 2.7730002 | L234: -3.7490001 | M234: 3.0710001 | N234: -3.9130001 | O234: 26.593 | P234: 5.5110002 | Q234: 26.501001 | R234: 5.7020001 | S234: -12.217001 | T234: -4.1860003 | U234: -12.547001 | V234: -4.2310004 | W234: -2.3930001 | X234: 2.8960001 | Y234: -2.3460002 | Z234: 3.0110002 | AA234: 12.935 | AB234: -3.4740002 | AC234: 13.104001 | AD234: -3.6640003 | AE234: -13.284 | AF234: 2.3370001 | AG234: -12.388 | AH234: 2.1010001 | AI234: -49.876003 | AJ234: -5.2210002 | AK234: -51.432003 | AL234: -4.7800002 | AM234: 19.252001 | AN234: -11.004001 | AO234: 19.370001 | AP234: -11.027 | AQ234: 38.961002 | AR234: 11.465 | AS234: 39.267002 | AT234: 11.479 | AU234: -38.794418 | AV234: -11.904127 | AW234: -38.808353 | AX234: -11.967727 | AY234: 17.677 | AZ234: 4.533 | BA234: 33.694157 | BB234: 8.4108152 | BC234: 50.259003 | BD234: 4.1890001 | BE234: 50.782001 | BF234: 4.3400002 | BG234: -18.917002 | BH234: 6.8700004 | BI234: -17.183001 | BJ234: 7.5330005 | BK234: 12.298 | BL234: -9.2130003 | BM234: 12.518001 | BN234: -9.2380009 | BO234: -12.377001 | BP234: 6.8770003 | BQ234: -12.428 | BR234: 6.8410006 | BS234: 9.0690002 | BT234: -8.2950001 | BU234: 9.085 | BV234: -8.2200003 | BW234: -8.8980007 | BX234: 2.47 | BY234: -8.9800005 | BZ234: 2.4650002 | CA234: 16.639 | CB234: -1.1220001 | CC234: -1.5890001 | CD234: -4.6140003 | CE234: -16.581001 | CF234: -3.5630002 | CG234: 13.125001 | CH234: 2.891 | CI234: 2.036 | CJ234: -0.33900002 | CK234: -3.6970003 | CL234: -1.7450001 | CM234: -8.2720003 | CN234: -3.9940002 | CO234: -17.033001 | CP234: -5.1080003 | CQ234: -3.5780001 | CR234: -7.0900002 | CS234: -3.6100001 | CT234: -7.1790004 | CU234: -7.3290005 | CV234: 2.5280001 | CW234: -7.3320003 | CX234: 2.5810001 | CY234: -17.677 | CZ234: -4.533 | DA234: -17.308001 | DB234: -4.6280003 | DC234: 7.3520002 | DD234: -0.97600007 | DE234: 7.2250004 | DF234: -0.97500002 | DG234: 0.99000001 | DH234: -0.17999999 | DI234: 15.03 | DJ234: 0.71999997 | DK234: 0 | DL234: 0 | DM234: -13.125001 | DN234: -2.891
B235: 0.33333333 | C235: -26.235001 | D235: -6.1550002 | E235: -26.015001 | F235: -5.6210003 | G235: 12.088 | H235: 3.5490003 | I235: 12.559001 | J235: 3.4870002 | K235: 4.1490002 | L235: -3.1330001 | M235: 3.9950001 | N235: -3.0900002 | O235: 26.510002 | P235: 5.4680004 | Q235: 26.498001 | R235: 5.5790005 | S235: -12.399 | T235: -3.6920002 | U235: -12.376 | V235: -3.8110001 | W235: -4.329 | X235: 2.4330001 | Y235: -3.9140003 | Z235: 2.381 | AA235: 15.900001 | AB235: -3.1810002 | AC235: 15.648001 | AD235: -3.3520002 | AE235: -15.152 | AF235: 1.8090001 | AG235: -15.136001 | AH235: 1.8330001 | AI235: -49.812004 | AJ235: -5.1320004 | AK235: -50.632004 | AL235: -5.0450001 | AM235: 20.707001 | AN235: -10.904 | AO235: 21.155001 | AP235: -10.993001 | AQ235: 39.900002 | AR235: 11.826 | AS235: 40.327003 | AT235: 11.791 | AU235: -40.286644 | AV235: -12.248623 | AW235: -40.454674 | AX235: -12.26433 | AY235: 18.037001 | AZ235: 4.8070002 | BA235: 35.257305 | BB235: 8.9760666 | BC235: 50.588001 | BD235: 4.1350002 | BE235: 51.202003 | BF235: 4.3410001 | BG235: -20.648001 | BH235: 6.9610004 | BI235: -18.730001 | BJ235: 7.6180005 | BK235: 14.031001 | BL235: -9.3200006 | BM235: 14.223001 | BN235: -9.4070005 | BO235: -14.094001 | BP235: 7.0420003 | BQ235: -13.953001 | BR235: 7.0050001 | BS235: 10.476001 | BT235: -8.3580008 | BU235: 10.72 | BV235: -8.4210005 | BW235: -10.375001 | BX235: 2.72 | BY235: -10.316001 | BZ235: 2.7020001 | CA235: 18.365002 | CB235: -1.051 | CC235: -0.25300002 | CD235: -5.0500002 | CE235: -18.506001 | CF235: -3.3160002 | CG235: 14.648001 | CH235: 2.8180001 | CI235: 3.4020002 | CJ235: -0.64600003 | CK235: -3.8350003 | CL235: -1.9200001 | CM235: -9.651 | CN235: -3.7300003 | CO235: -16.92 | CP235: -5.5010004 | CQ235: -3.6900001 | CR235: -7.0110002 | CS235: -3.7370002 | CT235: -7.1190004 | CU235: -7.4310002 | CV235: 2.5410001 | CW235: -7.3860002 | CX235: 2.6680002 | CY235: -18.037001 | CZ235: -4.8070002 | DA235: -17.574001 | DB235: -4.6320004 | DC235: 7.4110003 | DD235: -0.89500004 | DE235: 7.2900004 | DF235: -1.0420001 | DG235: 0.089999996 | DH235: 0.17999999 | DI235: 15.57 | DJ235: 0.81 | DK235: 0 | DL235: 0 | DM235: -14.648001 | DN235: -2.8180001
B236: 0.35416667 | C236: -26.595001 | D236: -7.2880006 | E236: -26.507002 | F236: -6.7650003 | G236: 12.792001 | H236: 3.6060002 | I236: 13.092001 | J236: 3.4880002 | K236: 3.2750001 | L236: -1.4590001 | M236: 3.4810002 | N236: -1.4900001 | O236: 27.062002 | P236: 6.6540003 | Q236: 26.966002 | R236: 6.7400002 | S236: -12.727 | T236: -3.8090003 | U236: -12.732 | V236: -3.9240003 | W236: -3.6000001 | X236: 0.88300002 | Y236: -3.5180001 | Z236: 0.90100002 | AA236: 15.314001 | AB236: -1.5150001 | AC236: 14.898001 | AD236: -1.6520001 | AE236: -14.747001 | AF236: 0.27900001 | AG236: -14.024001 | AH236: 0.032000002 | AI236: -51.825001 | AJ236: -5.072 | AK236: -52.281002 | AL236: -5.1090002 | AM236: 19.471001 | AN236: -10.648001 | AO236: 19.555 | AP236: -10.592001 | AQ236: 41.388 | AR236: 13.033001 | AS236: 41.890003 | AT236: 13.066001 | AU236: -41.253216 | AV236: -12.885287 | AW236: -41.324883 | AX236: -12.892439 | AY236: 18.732 | AZ236: 5.0670004 | BA236: 36.835533 | BB236: 9.7598171 | BC236: 51.838001 | BD236: 4.4710002 | BE236: 52.773003 | BF236: 4.4820004 | BG236: -19.471001 | BH236: 6.7120004 | BI236: -17.738001 | BJ236: 7.4260001 | BK236: 12.602 | BL236: -9.1360006 | BM236: 12.385 | BN236: -9.0870008 | BO236: -12.410001 | BP236: 6.7830005 | BQ236: -12.3 | BR236: 6.7600002 | BS236: 8.8030005 | BT236: -8.1500006 | BU236: 9.092 | BV236: -8.1820002 | BW236: -9.0770006 | BX236: 2.5910001 | BY236: -9 | BZ236: 2.6350002 | CA236: 16.599001 | CB236: -0.052000001 | CC236: -0.83300006 | CD236: -5.5090003 | CE236: -16.292002 | CF236: -4.0050001 | CG236: 14.972001 | CH236: 3.118 | CI236: 2.8400002 | CJ236: -0.537 | CK236: -2.7010002 | CL236: -2.296 | CM236: -9.9350004 | CN236: -3.9490001 | CO236: -18.297001 | CP236: -6.0080004 | CQ236: -3.8260002 | CR236: -7.0310001 | CS236: -3.9010003 | CT236: -7.1410003 | CU236: -7.6000004 | CV236: 2.8690002 | CW236: -7.5680003 | CX236: 2.8950002 | CY236: -18.732 | CZ236: -5.0670004 | DA236: -18.426001 | DB236: -5.0890002 | DC236: 7.5610003 | DD236: -1.177 | DE236: 7.5330005 | DF236: -1.1500001 | DG236: 0.71999997 | DH236: 0.44999999 | DI236: 14.76 | DJ236: 1.62 | DK236: 0 | DL236: 0 | DM236: -14.972001 | DN236: -3.118
... B272: 1 | C272: 0 | D272: 0 | E272: 0 | F272: 0 | G272: 0 | H272: 0 | I272: 0 | J272: 0 | K272: 0 | L272: 0 | M272: 0 | N272: 0 | O272: 0 | P272: 0 | Q272: 0 | R272: 0 | S272: 0 | T272: 0 | U272: 0 | V272: 0 | W272: 0 | X272: 0 | Y272: 0 | Z272: 0 | AA272: 0 | AB272: 0 | AC272: 0 | AD272: 0 | AE272: 0 | AF272: 0 | AG272: 0 | AH272: 0 | AI272: 0 | AJ272: 0 | AK272: 0 | AL272: 0 | AM272: 0 | AN272: 0 | AO272: 0 | AP272: 0 | AQ272: 0 | AR272: 0 | AS272: 0 | AT272: 0 | AU272: 0 | AV272: 0 | AW272: 0 | AX272: 0 | AY272: 0 | AZ272: 0 | BA272: 0 | BB272: 0 | BC272: 0 | BD272: 0 | BE272: 0 | BF272: 0 | BG272: 0 | BH272: 0 | BI272: 0 | BJ272: 0 | BK272: 0 | BL272: 0 | BM272: 0 | BN272: 0 | BO272: 0 | BP272: 0 | BQ272: 0 | BR272: 0 | BS272: 0 | BT272: 0 | BU272: 0 | BV272: 0 | BW272: 0 | BX272: 0 | BY272: 0 | BZ272: 0 | CA272: 0 | CB272: 0 | CC272: 0 | CD272: 0 | CE272: 0 | CF272: 0 | CG272: 0 | CH272: 0 | CI272: 0 | CJ272: 0 | CK272: 0 | CL272: 0 | CM272: 0 | CN272: 0 | CO272: 0 | CP272: 0 | CQ272: 0 | CR272: 0 | CS272: 0 | CT272: 0 | CU272: 0 | CV272: 0 | CW272: 0 | CX272: 0 | CY272: 0 | CZ272: 0 | DA272: 0 | DB272: 0 | DC272: 0 | DD272: 0 | DE272: 0 | DF272: 0 | DG272: 0 | DH272: 0 | DI272: 0 | DJ272: 0 | DK272: 0 | DL272: 0 | DM272: 0 | DN272: 0
A273: BP SIANG
...

Sheet DASHBOARD
A1: 1 | B1: 2 | C1: 3 | D1: 4 | E1: 5 | F1: 6 | G1: 7 | H1: 8 | I1: 9 | J1: 10 | K1: 11 | L1: 12 | M1: 13 | N1: 14 | O1: 15 | P1: 16 | Q1: 17 | R1: 18 | S1: 19 | T1: 20 | U1: 21 | V1: 22 | W1: 23 | X1: 24 | Y1: 25 | Z1: 26 | AA1: 27 | AB1: 28 | AC1: 29 | AD1: 30 | AE1: 31 | AF1: 32 | AG1: 33 | AH1: 34 | AI1: 35 | AJ1: 36 | AK1: 37 | AL1: 38 | AM1: 39
A2: 69 | B2: 45740.698 | J2: =HOUR(B2)*60+MINUTE(B2) | K2: =HOUR(B2)*3600+MINUTE(B2)*60+SECOND(B2) | L2: 49.93 | M2: =IF(N2=1,"START","STOP") | N2: 1 | O2: 0 | P2: 1 | Q2: 0
K3: 0 | M3: MySQL Status | N3: Connect | T3: =H4
H4: =MOD(K2,3600)
B5: KIT : TABEL = KIT_REALTIME | R5: 3600 | T5: 0.10069444 | U5: 0.095833333 | V5: 0.099305556
B6: SITE | C6: MKS | F6: TOTAL | G6: =SUM(G9:G87) | I6: 34 sec | M6: BUSBAR : TABEL = SYS_BSBAR | P6: 48 sec | R6: TRANSMISI | X6: LINK | AD6: =K2
B7: U N I T PEMBANGKIT | C7: JENIS_KIT | D7: ID_KIT | E7: ID_UNIT | F7: KEY_ID | G7: Daya Aktif (MW) | H7: Daya Reaktif (MVar) | I7: Daya Total (kVA) | J7: Power Factor | K7: DAYA MAMPU | M7: SITE | N7: TEGANGAN | Q7: RTU LINK | R7: LOKASI | T7: MW | U7: MVAR | V7: I | W7: V | X7: 1 | Z7: RTU LINK | AA7: 2 | AC7: TIME | AD7: =J2
N8: BUSBAR_A | O8: BUSBAR_B | P8: MAX | R8: SITE | S8: LINE | X8: 900 | Z8: VALUE | AA8: 50.5 | AC8: SAMPLING | AD8: 573
A9: 1 | B9: PLTA BAKARU | C9: PLTA | D9: 01 | E9: 01 | F9: =CONCATENATE($C$6,C9,D9,E9) | G9: 62.21 | H9: -2.77 | L9: -6.11 | M9: TELLO5 | N9: 149.4 | O9: 149.58 | P9: =MAX(N9:O9) | Q9: 2 | R9: LASSA5 | S9: KLKSM5-1 | T9: 61.31 | U9: -5.23 | V9: 235.86 | X9: 69.69
A10: 2 | C10: PLTA | D10: 01 | E10: 02 | F10: =CONCATENATE($C$6,C10,D10,E10) | G10: 61.46 | H10: -3.46 | M10: TELLO4 | N10: 0 | O10: 0 | P10: =MAX(N10:O10) | Q10: 2 | S10: KLKSM5-2 | T10: 59.33 | U10: -5.03 | V10: 234.1
A11: 3 | B11: PLTA MALEA | C11: PLTA | D11: 02 | E11: 01 | F11: =CONCATENATE($C$6,C11,D11,E11) | G11: 25.56 | H11: 4.31 | M11: KIMA5 | N11: 150.02 | O11: 0 | P11: =MAX(N11:O11) | Q11: 2 | S11: MLILI5-1 | T11: -64.96 | U11: 3.84 | V11: 251.43
A12: 4 | C12: PLTA | D12: 02 | E12: 02 | F12: =CONCATENATE($C$6,C12,D12,E12) | G12: 25.66 | H12: 4 | L12: testtttt | M12: BSOWA5 | N12: 152.05 | O12: 0 | P12: =MAX(N12:O12) | Q12: 2 | S12: MLILI5-2 | T12: -65.2 | U12: 3.69 | V12: 247.28
A13: 5 | B13: PLTA PAMONA | C13: PLTA | D13: 03 | E13: 01 | F13: =CONCATENATE($C$6,C13,D13,E13) | G13: 39.76 | H13: 4.22 | M13: PNKEP5 | N13: 147.4 | O13: 147.35 | P13: =MAX(N13:O13) | Q13: 2 | S13: TRF52-1 | T13: 8.39 | U13: 2.68 | V13: 0
A14: 6 | C14: PLTA | D14: 03 | E14: 02 | F14: =CONCATENATE($C$6,C14,D14,E14) | G14: 40.74 | H14: 3.77 | M14: PNKEP4 | N14: 67.29 | O14: 65.94 | P14: =MAX(N14:O14) | S14: SPARE
A15: 7 | C15: PLTA | D15: 03 | E15: 03 | F15: =CONCATENATE($C$6,C15,D15,E15) | G15: 38.88 | H15: 3.14 | M15: MAROS5 | N15: 150.91 | O15: 150.6 | P15: =MAX(N15:O15) | Q15: 2 | S15: SPARE
A16: 8 | C16: PLTA | D16: 03 | E16: 04 | F16: =CONCATENATE($C$6,C16,D16,E16) | G16: 32.45 | H16: 2.57 | M16: DAYA5 | N16: 150.69 | O16: 150.78 | P16: =MAX(N16:O16) | Q16: 2 | S16: SPARE
A17: 9 | C17: PLTA | D17: 03 | E17: 05 | F17: =CONCATENATE($C$6,C17,D17,E17) | G17: 39.69 | H17: 3.58 | M17: DAYA4 | N17: 66.99 | O17: 0 | P17: =MAX(N17:O17) | Q17: 2 | R17: KLAKA5 | S17: KLKSM5-1 | T17: -56.36 | U17: 0 | V17: 217.63
A18: 10 | C18: PLTA | D18: 03 | E18: 06 | F18: =CONCATENATE($C$6,C18,D18,E18) | G18: 39.8 | H18: 2.87 | L18: 0 | M18: PKANG5 | N18: 0 | O18: 149.18 | P18: =MAX(N18:O18) | Q18: 2 | S18: KLKSM5-2 | T18: -56.65 | U18: 0 | V18: 220.04
A19: 11 | C19: PLTA | D19: 03 | E19: 07 | F19: =CONCATENATE($C$6,C19,D19,E19) | G19: 45.59 | H19: 5.33 | M19: TLAMA5 | N19: 149.71 | O19: 149.67 | P19: =MAX(N19:O19) | Q19: 2 | S19: UNAHA5-1 | T19: 7.54 | U19: -7.46 | V19: 41.18
A20: 12 | B20: PLTA SULEWANA | C20: PLTA | D20: 04 | E20: 01 | F20: =CONCATENATE($C$6,C20,D20,E20) | G20: 30.24 | H20: 2.85 | M20: MNDAI4 | N20: 66.8 | O20: 68.12 | P20: =MAX(N20:O20) | Q20: 2 | S20: UNAHA5-1 | T20: 7.47 | U20: -7.47 | V20: 41.06
A21: 13 | C21: PLTA | D21: 04 | E21: 02 | F21: =CONCATENATE($C$6,C21,D21,E21) | G21: 26.24 | H21: 3.54 | M21: TNSA34 | N21: 0 | O21: 0 | P21: =MAX(N21:O21) | Q21: 2 | S21: TRF52-1 | T21: 18.12 | U21: 6.78 | V21: 0
A22: 14 | C22: PLTA | D22: 04 | E22: 03 | F22: =CONCATENATE($C$6,C22,D22,E22) | G22: 30.46 | H22: 2.98 | M22: BNTLA4 | N22: 0 | O22: 0 | P22: =MAX(N22:O22) | Q22: 2 | S22: ANTAM5-1 | T22: 39.23 | U22: 4.49 | V22: 157.66
A23: 15 | C23: PLTA | D23: 04 | E23: 04 | F23: =CONCATENATE($C$6,C23,D23,E23) | G23: 30.13 | H23: 3.65 | M23: BNTLA5 | N23: 149.99 | O23: 0 | P23: =MAX(N23:O23) | Q23: 2 | S23: ANTAM5-2 | T23: 40.17 | U23: 4.49 | V23: 157.9
A24: 16 | B24: PLTA BILI BILI | C24: PLTA | D24: 05 | E24: 01 | F24: =CONCATENATE($C$6,C24,D24,E24) | G24: 5.39 | H24: -0.55 | M24: SGMSA5 | N24: 149.98 | O24: 150.45 | P24: =MAX(N24:O24) | Q24: 2 | S24: SPARE
A25: 17 | C25: PLTA | D25: 05 | E25: 02 | F25: =CONCATENATE($C$6,C25,D25,E25) | G25: 10.87 | H25: -2.94 | M25: TBNGA5 | N25: 146.42 | O25: 149.84 | P25: =MAX(N25:O25) | Q25: 2 | R25: KLKSM5 | S25: KLAKA5-1 | T25: 57.81 | U25: -2.21 | V25: 220.36
A26: 18 | B26: PLTA PUNAGAYA | C26: PLTU | D26: 01 | E26: 01 | F26: =CONCATENATE($C$6,C26,D26,E26) | G26: 0 | H26: 1.05 | M26: BLNGI5 | N26: 150.46 | O26: 150.46 | P26: =MAX(N26:O26) | Q26: 2 | S26: KLAKA5-2 | T26: 57.53 | U26: -2.1 | V26: 220.51
A27: 19 | C27: PLTU | D27: 01 | E27: 02 | F27: =CONCATENATE($C$6,C27,D27,E27) | G27: 97.78 | H27: 9.38 | M27: LANNA5 | N27: 152.64 | O27: 0 | P27: =MAX(N27:O27) | Q27: 2 | S27: LASSA5-1 | T27: -58.78 | U27: 3.43 | V27: 229.68
A28: 20 | B28: PLTU JENEPONTO 12 | C28: PLTU | D28: 02 | E28: 01 | F28: =CONCATENATE($C$6,C28,D28,E28) | G28: 55.72 | H28: 9.45 | M28: TLASA5 | N28: 151.91 | O28: 150.38 | P28: =MAX(N28:O28) | Q28: 2 | S28: LASSA5-2 | T28: -59.87 | U28: 2.49 | V28: 227.34
A29: 21 | C29: PLTU | D29: 02 | E29: 02 | F29: =CONCATENATE($C$6,C29,D29,E29) | G29: 0 | H29: 9.4 | M29: PNGYA5 | N29: 151.79 | O29: 151.88 | P29: =MAX(N29:O29) | Q29: 2 | S29: TRF52-1 | T29: 3.14 | U29: 0.8 | V29: 0
A30: 22 | B30: PLTU JENEPONTO 34 | C30: PLTU | D30: 03 | E30: 01 | F30: =CONCATENATE($C$6,C30,D30,E30) | G30: 120.88 | H30: 39.59 | M30: PJNPT1 | N30: 151.57 | O30: 151.57 | P30: =MAX(N30:O30) | Q30: 2 | S30: PTCMP5-1 | T30: 0 | U30: 0 | V30: 3.67
A31: 23 | C31: PLTU | D31: 03 | E31: 02 | F31: =CONCATENATE($C$6,C31,D31,E31) | G31: 121.62 | H31: 64.77 | M31: PJNPT2 | N31: 151.94 | O31: 151.97 | P31: =MAX(N31:O31) | Q31: 2 | S31: PTCMP5-2 | T31: 0 | U31: 0 | V31: 5.4
A32: 24 | B32: PLTU BALUSU | C32: PLTU | D32: 04 | E32: 01 | F32: =CONCATENATE($C$6,C32,D32,E32) | G32: 43.58 | H32: 10.03 | M32: PLTBT | N32: 148.98 | O32: 151 | P32: =MAX(N32:O32) | Q32: 2 | S32: BMPP5-2 | T32: 0 | U32: 0 | V32: 0
A33: 25 | C33: PLTU | D33: 04 | E33: 02 | F33: =CONCATENATE($C$6,C33,D33,E33) | G33: 40.36 | H33: 1.74 | M33: BNTGN5 | N33: 146.45 | O33: 0 | P33: =MAX(N33:O33) | Q33: 2 | R33: PWATU5 | S33: KDNEW5-1 | T33: 15.38 | U33: -6.06 | V33: 65.8
A34: 26 | C34: PLTU | D34: 04 | E34: 03 | F34: =CONCATENATE($C$6,C34,D34,E34) | G34: 96.09 | H34: 15.9 | M34: BNTGS5 | N34: 143.67 | O34: 143.81 | P34: =MAX(N34:O34) | Q34: 2 | S34: KDNEW5-2 | T34: 15.44 | U34: -6.2 | V34: 67.04
A35: 27 | B35: PLTU MORAMO | C35: PLTU | D35: 05 | E35: 01 | F35: =CONCATENATE($C$6,C35,D35,E35) | G35: 49.36 | H35: 0 | M35: BTGSM5 | N35: 143.87 | O35: 144.09 | P35: =MAX(N35:O35) | Q35: 2 | S35: INC45-1 | T35: 15.56 | U35: -5.04 | V35: 151.34
A36: 28 | C36: PLTU | D36: 05 | E36: 02 | F36: =CONCATENATE($C$6,C36,D36,E36) | G36: -0.59 | H36: 21.2 | M36: BKMBA5 | N36: 143.77 | O36: 143.93 | P36: =MAX(N36:O36) | Q36: 2 | S36: INC45-2 | T36: 15.53 | U36: -5.14 | V36: 146.73
A37: 29 | B37: PLTU NII TANASA | C37: PLTU | D37: 06 | E37: 01 | F37: =CONCATENATE($C$6,C37,D37,E37) | G37: 8.57 | H37: 1.2 | M37: TNETE5 | N37: 143.85 | O37: 144.17 | P37: =MAX(N37:O37) | Q37: 2 | S37: SPARE
A38: 30 | C38: PLTU | D38: 06 | E38: 02 | F38: =CONCATENATE($C$6,C38,D38,E38) | G38: 9.67 | H38: 1.05 | M38: SNJAI5 | N38: 143.51 | O38: 144.36 | P38: =MAX(N38:O38) | Q38: 2 | S38: SPARE
A39: 31 | C39: PLTU | D39: 06 | E39: 03 | F39: =CONCATENATE($C$6,C39,D39,E39) | G39: 8.02 | H39: 0 | M39: SPENG5 | N39: 151.18 | O39: 151.14 | P39: =MAX(N39:O39) | Q39: 2 | S39: SPARE
A40: 32 | B40: PLTB TOLO | C40: PLTB | D40: 01 | E40: 01 | F40: =CONCATENATE($C$6,C40,D40,E40) | G40: 11.04 | H40: -0.01 | J40: =G41+G40 | M40: BONE5 | N40: 148.18 | O40: 148.5 | P40: =MAX(N40:O40) | Q40: 2 | R40: UNAHA5 | S40: KDNEW5-1 | T40: -0.61 | U40: -3.62 | V40: 16.13
A41: 33 | C41: PLTB | D41: 01 | E41: 02 | F41: =CONCATENATE($C$6,C41,D41,E41) | G41: 10.6 | H41: -0.01 | J41: =H40+H41 | M41: BARRU5 | N41: 150.27 | O41: 0 | P41: =MAX(N41:O41) | Q41: 2 | S41: KDNEW5-2 | T41: -0.77 | U41: -3.6 | V41: 16.2
A42: 34 | B42: PLTB SIDRAP | C42: PLTB | D42: 02 | E42: 01 | F42: =CONCATENATE($C$6,C42,D42,E42) | G42: 9.14 | H42: -0.33 | J42: =G43+G42 | M42: BLUSU5 | N42: 150.3 | O42: 150.57 | P42: =MAX(N42:O42) | Q42: 2 | S42: KLAKA5-1 | T42: -7.47 | U42: 0.95 | V42: 27.44
A43: 35 | C43: PLTB | D43: 02 | E43: 02 | F43: =CONCATENATE($C$6,C43,D43,E43) | G43: 8.91 | H43: -0.29 | J43: =H42+H43 | M43: LTUPA6 | N43: 265.83 | O43: 266.08 | P43: =MAX(N43:O43) | Q43: 2 | S43: KLAKA5-2 | T43: -7.41 | U43: 0.85 | V43: 27.6
A44: 36 | B44: PLTD TELLO | C44: PLTD | D44: 01 | E44: 01 | F44: =CONCATENATE($C$6,C44,D44,E44) | G44: 0 | H44: 0 | M44: LTUPA5 | N44: 157.75 | O44: 157.84 | P44: =MAX(N44:O44) | S44: TRF52-1 | T44: 16.68 | U44: 6.43 | V44: 0
A45: 37 | C45: PLTD | D45: 01 | E45: 02 | F45: =CONCATENATE($C$6,C45,D45,E45) | G45: 5.95 | H45: 0 | M45: PMONA6 | N45: 276.85 | O45: 276.8 | P45: =MAX(N45:O45) | Q45: 2 | S45: SPARE
A46: 38 | C46: PLTD | D46: 01 | E46: 03 | F46: =CONCATENATE($C$6,C46,D46,E46) | G46: 3.65 | H46: 0 | M46: PMONA5 | N46: 154.08 | O46: 152.22 | P46: =MAX(N46:O46) | S46: SPARE
A47: 39 | C47: PLTD | D47: 01 | E47: 04 | F47: =CONCATENATE($C$6,C47,D47,E47) | G47: 6.69 | H47: 0 | M47: WOTU6 | N47: 271.03 | O47: 271.2 | P47: =MAX(N47:O47) | Q47: 2 | S47: SPARE
A48: 40 | B48: PLTD SUPPA | C48: PLTD | D48: 02 | E48: 01 | F48: =CONCATENATE($C$6,C48,D48,E48) | G48: 15.77 | H48: 5.37 | J48: =(G48+G49) | M48: WOTU5 | N48: 149.29 | O48: 154.31 | P48: =MAX(N48:O48) | R48: NTNSA4 | S48: PWATU4-1 | T48: 30.64 | U48: 0.23 | V48: 272
A49: 41 | C49: PLTD | D49: 02 | E49: 02 | F49: =CONCATENATE($C$6,C49,D49,E49) | G49: 14.85 | H49: 4.05 | J49: =(H48+H49) | M49: PPARE5 | N49: 151.54 | O49: 151.77 | P49: =MAX(N49:O49) | Q49: 2 | S49: PWATU4-2 | T49: 30.74 | U49: -0.27 | V49: 270
A50: 42 | B50: PLTG TELLO GE | C50: PLTG | D50: 01 | E50: 01 | F50: =CONCATENATE($C$6,C50,D50,E50) | G50: -0.09 | H50: 0 | M50: PRANG5 | N50: 150.83 | O50: 0 | P50: =MAX(N50:O50) | Q50: 2 | S50: TRF42-1 | T50: 2.89 | U50: 0.84 | V50: 0
A51: 43 | C51: PLTG | D51: 01 | E51: 02 | F51: =CONCATENATE($C$6,C51,D51,E51) | G51: -0.07 | H51: 0 | M51: SUPPA5 | N51: 151.36 | O51: 151.19 | P51: =MAX(N51:O51) | Q51: 2 | S51: SPARE
A52: 44 | B52: PLTG NII TANASA | C52: PLTG | D52: 02 | E52: 01 | F52: =CONCATENATE($C$6,C52,D52,E52) | G52: 22.31 | H52: 1.04 | M52: JNPTO5 | N52: 148.65 | O52: 148.55 | P52: =MAX(N52:O52) | Q52: 2 | S52: SPARE
A53: 45 | C53: PLTG | D53: 02 | E53: 02 | F53: =CONCATENATE($C$6,C53,D53,E53) | G53: 15.76 | H53: 0.05 | M53: BRLOE4 | N53: 0 | P53: =MAX(N53:O53) | S53: SPARE
A54: 46 | B54: PLTGU SENGKANG | C54: PLTGU | D54: 01 | E54: 01 | F54: =CONCATENATE($C$6,C54,D54,E54) | G54: 14.41 | H54: 0.64 | M54: TLAMA4 | P54: =MAX(N54:O54) | R54: KDNEW5 | S54: ANDLO5-1 | T54: 9.69 | U54: -9 | V54: 54.38
A55: 47 | C55: PLTGU | D55: 01 | E55: 02 | F55: =CONCATENATE($C$6,C55,D55,E55) | G55: 14.6 | H55: 1.58 | M55: BKARU5 | N55: 152.43 | O55: 152.93 | P55: =MAX(N55:O55) | Q55: 2 | S55: ANDLO5-2 | T55: 9.71 | U55: -9.09 | V55: 54.51
A56: 48 | C56: PLTGU | D56: 01 | E56: 03 | F56: =CONCATENATE($C$6,C56,D56,E56) | G56: 24.29 | H56: 10.07 | M56: SDRAP5 | N56: 152.86 | O56: 152.59 | P56: =MAX(N56:O56) | Q56: 2 | S56: KNDI35-1 | T56: -19.73 | U56: -2.51 | V56: 81.44
A57: 49 | C57: PLTGU | D57: 01 | E57: 04 | F57: =CONCATENATE($C$6,C57,D57,E57) | G57: 15.54 | H57: 4.47 | M57: PLTBS | N57: 152.19 | O57: 151.1 | P57: =MAX(N57:O57) | Q57: 2 | S57: KNDI35-1 | T57: -19.61 | U57: -2.54 | V57: 81.04
A58: 50 | C58: PLTGU | D58: 01 | E58: 05 | F58: =CONCATENATE($C$6,C58,D58,E58) | G58: 15.73 | H58: 3.77 | M58: SKANG5 | N58: 152.75 | O58: 153.72 | P58: =MAX(N58:O58) | Q58: 2 | S58: PWATU5-1 | T58: -15.5 | U58: 4.89 | V58: 64.31
A59: 51 | C59: PLTGU | D59: 01 | E59: 06 | F59: =CONCATENATE($C$6,C59,D59,E59) | G59: 23.52 | H59: 1.21 | M59: EKANG5 | N59: 155.06 | O59: 154.83 | P59: =MAX(N59:O59) | Q59: 2 | S59: PWATU5-2 | T59: -15.44 | U59: 4.96 | V59: 62.77
A60: 52 | B60: PLTU MAMUJU | C60: PLTU | D60: 07 | E60: 01 | F60: =CONCATENATE($C$6,C60,D60,E60) | G60: 15 | H60: 7.45 | M60: MKALE5 | N60: 158.21 | O60: 158 | P60: =MAX(N60:O60) | Q60: 2 | S60: UNAHA5-1 | T60: 0.94 | U60: -0.63 | V60: 6.83
A61: 53 | C61: PLTU | D61: 07 | E61: 02 | F61: =CONCATENATE($C$6,C61,D61,E61) | G61: 0 | H61: 0.63 | M61: MALEA5 | N61: 156.89 | O61: 156.04 | P61: =MAX(N61:O61) | Q61: 2 | S61: UNAHA5-2 | T61: 0.98 | U61: -0.68 | V61: 6.12
A62: 54 | B62: PLTD SILAE (TOTAL) | C62: PLTD | D62: 03 | E62: 01 | F62: =CONCATENATE($C$6,C62,D62,E62) | G62: 15.05 | H62: 3.9 | M62: BLOPA5 | N62: 155.82 | O62: 155.91 | P62: =MAX(N62:O62) | Q62: 2 | S62: TRF52-1 | T62: 33.9 | U62: 12.32 | V62: 0
A63: 55 | B63: NUSADAYA TELLO | C63: PLTD | D63: 04 | E63: 01 | F63: =CONCATENATE($C$6,C63,D63,E63) | G63: 9 | H63: -0.27 | M63: SIWA5 | N63: 155.49 | O63: 155.44 | P63: =MAX(N63:O63) | Q63: 2 | S63: TRF52-2 | T63: 15.26 | U63: 4.1 | V63: 0
A64: 56 | B64: PIP TELLO | C64: PLTD | D64: 05 | E64: 01 | F64: =CONCATENATE($C$6,C64,D64,E64) | G64: 3 | H64: 0.24 | M64: PLOPO5 | N64: 157.82 | O64: 157.88 | P64: =MAX(N64:O64) | Q64: 2 | S64: SPARE
A65: 57 | B65: NUSADAYA TLAMA | C65: PLTD | D65: 06 | E65: 01 | F65: =CONCATENATE($C$6,C65,D65,E65) | G65: 10.27 | H65: 2.31 | M65: MSMBA5 | N65: 148.76 | O65: 148.9 | P65: =MAX(N65:O65) | Q65: 2 | S65: SPARE
A66: 58 | B66: SEWA PNP ALSTOM | C66: PLTD | D66: 07 | E66: 01 | F66: =CONCATENATE($C$6,C66,D66,E66) | G66: 0 | H66: 0 | M66: MLILI5 | N66: 153.88 | O66: 153.94 | P66: =MAX(N66:O66) | Q66: 2 | S66: SPARE
A67: 59 | B67: PLTU PALU 3 | C67: PLTU | D67: 03 | E67: 01 | F67: =CONCATENATE($C$6,C67,D67,E67) | G67: 26.35 | H67: 6.94 | M67: PLMAS5 | N67: 151.02 | O67: 151.36 | P67: =MAX(N67:O67) | Q67: 2 | R67: KNDI35 | S67: KDNEW5-1 | T67: 19.93 | U67: -0.95 | V67: 77.04
A68: 60 | C68: PLTU | D68: 03 | E68: 02 | F68: =CONCATENATE($C$6,C68,D68,E68) | G68: -3.67 | H68: 0 | M68: MJENE5 | N68: 151.52 | O68: 151.26 | P68: =MAX(N68:O68) | Q68: 2 | S68: KDNEW5-2 | T68: 19.69 | U68: -0.83 | V68: 77.09
A69: 61 | B69: BMPP | C69: PLTMG | D69: 03 | E69: 01 | F69: =CONCATENATE($C$6,C69,D69,E69) | G69: 0 | H69: 0 | M69: MMUJU5 | N69: 151.16 | O69: 150.82 | P69: =MAX(N69:O69) | Q69: 2 | S69: TRF52-1 | T69: 9.68 | U69: 4.02 | V69: 0
A70: 62 | C70: PLTMG | D70: 03 | E70: 02 | F70: =CONCATENATE($C$6,C70,D70,E70) | G70: 0 | H70: 0 | M70: MJNEW5 | N70: 153.47 | O70: 152.13 | P70: =MAX(N70:O70) | Q70: 2 | S70: SPARE
A71: 63 | C71: PLTMG | D71: 03 | E71: 03 | F71: =CONCATENATE($C$6,C71,D71,E71) | G71: 0 | H71: 0 | M71: TPOYO5 | N71: 153.56 | O71: 153.53 | P71: =MAX(N71:O71) | Q71: 2 | S71: SPARE
A72: 64 | C72: PLTMG | D72: 03 | E72: 04 | F72: =CONCATENATE($C$6,C72,D72,E72) | G72: 0 | H72: 0 | M72: PMMJU5 | N72: 0 | O72: 0 | P72: =MAX(N72:O72) | Q72: 2 | S72: SPARE
A73: 65 | C73: PLTMG | D73: 03 | E73: 05 | F73: =CONCATENATE($C$6,C73,D73,E73) | G73: 0 | H73: 0 | M73: PSKYU5 | N73: 152.53 | O73: 152.7 | P73: =MAX(N73:O73) | Q73: 2 | R73: KSPTE5 | S73: ANDLO5-1 | T73: -4.07 | U73: -1.21 | V73: 16.18
A74: 66 | C74: PLTMG | D74: 03 | E74: 06 | F74: =CONCATENATE($C$6,C74,D74,E74) | G74: 0 | H74: 0 | M74: DNGLA5 | N74: 149.88 | O74: 150.94 | P74: =MAX(N74:O74) | Q74: 2 | S74: ANDLO5-2 | T74: -4.05 | U74: -1.19 | V74: 16.09
B75: NOTE | M75: SILAE5 | N75: 151.93 | O75: 152.15 | P75: =MAX(N75:O75) | Q75: 2 | S75: TRF52-1 | T75: 8.11 | U75: 2.58 | V75: 0
B76: UNGGUL | C76: 30112023 | D76: UPDATE TELEMETERING SESUAI KETIDAKSESUAIAN FORM SPREADSHEET | M76: SDERA5 | N76: 150.35 | O76: 150.46 | P76: =MAX(N76:O76) | Q76: 2 | S76: SPARE
M77: SLWNA6 | N77: 0 | O77: 0 | P77: =MAX(N77:O77) | Q77: 2 | S77: SPARE
M78: POSO5 | N78: 151.35 | O78: 0 | P78: =MAX(N78:O78) | Q78: 2 | S78: SPARE
M79: TLISE4 | N79: 0 | O79: 0 | P79: =MAX(N79:O79) | Q79: 2 | R79: ANDLO5 | S79: KDNEW5-1 | T79: -9.76 | U79: 2.45 | V79: 39.55
M80: TLISE5 | N80: 149.93 | O80: 150.14 | P80: =MAX(N80:O80) | Q80: 2 | S80: KDNEW5-2 | T80: -9.74 | U80: 2.45 | V80: 39.49
M81: PRIGI4 | N81: 0 | O81: 0 | P81: =MAX(N81:O81) | Q81: 2 | S81: KSPTE5-1 | T81: 3.97 | U81: -4.39 | V81: 24.42
M82: LASSA5 | N82: 152.11 | O82: 151.93 | P82: =MAX(N82:O82) | Q82: 2 | S82: KSPTE5-2 | T82: 4.11 | U82: -4.42 | V82: 24.74
M83: KLKSM5 | N83: 150.47 | O83: 150.59 | P83: =MAX(N83:O83) | Q83: 2 | S83: TRF52-1 | T83: 11.47 | U83: 3.97 | V83: 0
M84: KLAKA5 | N84: 148.4 | O84: 148.01 | P84: =MAX(N84:O84) | Q84: 2 | S84: SPARE
M85: UNAHA5 | N85: 150.54 | O85: 150.63 | P85: =MAX(N85:O85) | Q85: 1 | S85: SPARE
M86: KDNEW5 | N86: 149.9 | O86: 150.35 | P86: =MAX(N86:O86) | Q86: 2 | S86: SPARE
M87: PWATU5 | N87: 149.64 | O87: 148.18 | P87: =MAX(N87:O87) | Q87: 2 | R87: BABAU5 | S87: PLMGB5-1 | T87: -7.14 | U87: -2.24 | V87: 29.21
D88: am_klaka5 | M88: PWATU4 | N88: 0 | O88: 0 | P88: =MAX(N88:O88) | S88: PLMGB5-2 | T88: -7.08 | U88: -2.27 | V88: 28.87
M89: KNDI35 | N89: 149.78 | O89: 149.96 | P89: =MAX(N89:O89) | Q89: 2 | S89: TRF52-1 | T89: 14.24 | U89: 4.7 | V89: 0
M90: NTNSA4 | N90: 65.32 | O90: 0 | P90: =MAX(N90:O90) | Q90: 2 | S90: SPARE
M91: ANDLO5 | N91: 149.59 | O91: 150.69 | P91: =MAX(N91:O91) | Q91: 2 | S91: SPARE
M92: KSPTE5 | N92: 151.37 | O92: 151.05 | P92: =MAX(N92:O92) | Q92: 2 | S92: SPARE
M93: RAHA5 | N93: 151.98 | O93: 152.17 | P93: =MAX(N93:O93) | Q93: 2 | R93: PLMGB5 | S93: BABAU5-1 | T93: 7.13 | U93: 1.19 | V93: 28.24
M94: PLMGB5 | N94: 149.49 | O94: 149.29 | P94: =MAX(N94:O94) | Q94: 2 | S94: BABAU5-2 | T94: 7.02 | U94: 1.22 | V94: 28.05
M95: BABAU5 | N95: 151.37 | O95: 151.51 | P95: =MAX(N95:O95) | Q95: 2 | S95: RAHA5-1 | T95: 3.54 | U95: -7.51 | V95: 34.09
M96: TNGEA5 | N96: 151.38 | O96: 150.92 | P96: =MAX(N96:O96) | Q96: 2 | S96: RAHA5-2 | T96: 3.46 | U96: -7.53 | V96: 34.06
M97: TWELI5 | N97: 149.01 | O97: 148.9 | P97: =MAX(N97:O97) | Q97: 2 | S97: TRF52-1 | T97: -21.3 | U97: 12.79 | V97: 0
M98: PTCMP5 | N98: 153.09 | O98: 150.32 | P98: =MAX(N98:O98) | Q98: 2 | S98: SPARE
M99: ANTAM5 | N99: 149.1 | O99: 148.45 | P99: =MAX(N99:O99) | Q99: 2 | S99: SPARE
M100: PLMGL5 | N100: 0 | O100: 0 | P100: =MAX(N100:O100) | Q100: 2 | S100: SPARE
...

Sheet CONTROL
C1: =DASHBOARD!H4
F3: 27 | G3: 55
B4: POLLING TIME | F4: =F3*60 | G4: =G3*60 | J4: 20230901
B5: GROUP | C5: 30 MIN | D5: 60 MIN | E5: KET | J5: 30 MIN | K5: 60 MIN
B6: KIT_MW_MVAR | C6: 1740 | D6: 3540 | E6: 34 | G6: deviasi | J6: 1770 | K6: 3570 | M6: =J6-10 | N6: =K6-10
B7: BUSBAR_AB | C7: 1100 | D7: 2900 | E7: 50 | G7: =C10-C7 | H7: =D10-D7 | J7: 1780 | K7: 3580 | M7: 1780 | N7: 3580
B8: TRANS_P | C8: 1560 | D8: 3360 | E8: 0.10416667 | F8: 30S | G8: =C6-C8 | H8: =D6-D8 | J8: 1730 | K8: 3530 | M8: =J8-10 | N8: =K8-10
B9: TRANS_Q | C9: 1380 | D9: 3180 | E9: 0.10416667 | G9: =C8-C9 | H9: =D8-D9 | J9: 1750 | K9: 3550 | M9: =J9-10 | N9: =K9-10
B10: TRANS_I | C10: 1200 | D10: 3000 | E10: 0.10416667 | G10: =C9-C10 | H10: =D9-D10 | J10: =J9-120 | K10: =K9-120 | M10: =J10-10 | N10: =K10-10
J11: =J10-120 | K11: =K10-120 | M11: =J11-10 | N11: =K11-10
F12: start from | G12: =C12/60 | H12: min | J12: =J11-120 | K12: =K11-120 | M12: =J12-10 | N12: =K12-10
B13: RTULINK | C13: 1200 | D13: 3100 | F13: and | G13: =D12/60 | H13: min
A15: RTU LINK | B15: 30 | C15: =B15+30 | D15: =C15+30 | E15: =D15+30 | F15: =E15+30 | G15: =F15+30 | H15: =G15+30 | I15: =H15+30 | J15: =I15+30 | ... AV15: =AU15+30 | AW15: =AV15+25
B16: 0.3 | C16: 1 | D16: 1.3 | E16: 2 | F16: 2.3 | G16: 3 | H16: 3.3 | I16: 4 | J16: 4.3 | K16: 5 | L16: 5.3 | M16: 6 | N16: 6.3 | O16: 7 | P16: 7.3 | Q16: 8 | R16: 8.3 | S16: 9 | T16: 9.3 | U16: 10 | V16: 10.3 | W16: 11 | X16: 11.3 | Y16: 12 | Z16: 12.3 | AA16: 13 | AB16: 13.3 | AC16: 14 | AD16: 14.3 | AE16: 15 | AF16: 15.3 | AG16: 16 | AH16: 16.3 | AI16: 17 | AJ16: 17.3 | AK16: 18 | AL16: 18.3 | AM16: 19 | AN16: 19.3 | AO16: 20 | AP16: 20.3 | AQ16: 21 | AR16: 21.3 | AS16: 22 | AT16: 22.3 | AU16: 23 | AV16: 23.3 | AW16: 24 | BA16: 150
A17: TELLO5 | B17: =(IF(DASHBOARD!$J$2=B15,DASHBOARD!$Q$9,IF(DASHBOARD!$J$2=0,0,CONTROL!B17))) | C17: =(IF(DASHBOARD!$J$2=C15,DASHBOARD!$Q$9,IF(DASHBOARD!$J$2=0,0,CONTROL!C17))) | D17: =(IF(DASHBOARD!$J$2=D15,DASHBOARD!$Q$9,IF(DASHBOARD!$J$2=0,0,CONTROL!D17))) | E17: =(IF(DASHBOARD!$J$2=E15,DASHBOARD!$Q$9,IF(DASHBOARD!$J$2=0,0,CONTROL!E17))) | F17: =(IF(DASHBOARD!$J$2=F15,DASHBOARD!$Q$9,IF(DASHBOARD!$J$2=0,0,CONTROL!F17))) | G17: =(IF(DASHBOARD!$J$2=G15,DASHBOARD!$Q$9,IF(DASHBOARD!$J$2=0,0,CONTROL!G17))) | H17: =(IF(DASHBOARD!$J$2=H15,DASHBOARD!$Q$9,IF(DASHBOARD!$J$2=0,0,CONTROL!H17))) | I17: =(IF(DASHBOARD!$J$2=I15,DASHBOARD!$Q$9,IF(DASHBOARD!$J$2=0,0,CONTROL!I17))) | ... AW17: =(IF(DASHBOARD!$J$2=AW15,DASHBOARD!$Q$9,IF(DASHBOARD!$J$2=0,0,CONTROL!AW17))) | AZ17: TELLO5 | BA17: =MATCH(AZ17,A17:B19,0)
A18: TELLO4 | B18: =(IF(DASHBOARD!$J$2=B15,DASHBOARD!$Q$10,IF(DASHBOARD!$J$2=0,0,CONTROL!B18))) | C18: =(IF(DASHBOARD!$J$2=C15,DASHBOARD!$Q$10,IF(DASHBOARD!$J$2=0,0,CONTROL!C18))) | D18: =(IF(DASHBOARD!$J$2=D15,DASHBOARD!$Q$10,IF(DASHBOARD!$J$2=0,0,CONTROL!D18))) | E18: =(IF(DASHBOARD!$J$2=E15,DASHBOARD!$Q$10,IF(DASHBOARD!$J$2=0,0,CONTROL!E18))) | F18: =(IF(DASHBOARD!$J$2=F15,DASHBOARD!$Q$10,IF(DASHBOARD!$J$2=0,0,CONTROL!F18))) | G18: =(IF(DASHBOARD!$J$2=G15,DASHBOARD!$Q$10,IF(DASHBOARD!$J$2=0,0,CONTROL!G18))) | H18: =(IF(DASHBOARD!$J$2=H15,DASHBOARD!$Q$10,IF(DASHBOARD!$J$2=0,0,CONTROL!H18))) | I18: =(IF(DASHBOARD!$J$2=I15,DASHBOARD!$Q$10,IF(DASHBOARD!$J$2=0,0,CONTROL!I18))) | ... AW18: =(IF(DASHBOARD!$J$2=AW15,DASHBOARD!$Q$10,IF(DASHBOARD!$J$2=0,0,CONTROL!AW18))) | AZ18: TELLO4
A19: KIMA5 | B19: =(IF(DASHBOARD!$J$2=B15,DASHBOARD!$Q$11,IF(DASHBOARD!$J$2=0,0,CONTROL!B19))) | C19: =(IF(DASHBOARD!$J$2=C15,DASHBOARD!$Q$11,IF(DASHBOARD!$J$2=0,0,CONTROL!C19))) | D19: =(IF(DASHBOARD!$J$2=D15,DASHBOARD!$Q$11,IF(DASHBOARD!$J$2=0,0,CONTROL!D19))) | E19: =(IF(DASHBOARD!$J$2=E15,DASHBOARD!$Q$11,IF(DASHBOARD!$J$2=0,0,CONTROL!E19))) | F19: =(IF(DASHBOARD!$J$2=F15,DASHBOARD!$Q$11,IF(DASHBOARD!$J$2=0,0,CONTROL!F19))) | G19: =(IF(DASHBOARD!$J$2=G15,DASHBOARD!$Q$11,IF(DASHBOARD!$J$2=0,0,CONTROL!G19))) | H19: =(IF(DASHBOARD!$J$2=H15,DASHBOARD!$Q$11,IF(DASHBOARD!$J$2=0,0,CONTROL!H19))) | I19: =(IF(DASHBOARD!$J$2=I15,DASHBOARD!$Q$11,IF(DASHBOARD!$J$2=0,0,CONTROL!I19))) | ... AW19: =(IF(DASHBOARD!$J$2=AW15,DASHBOARD!$Q$11,IF(DASHBOARD!$J$2=0,0,CONTROL!AW19))) | AZ19: KIMA5
A20: BSOWA5 | B20: =(IF(DASHBOARD!$J$2=B15,DASHBOARD!$Q$12,IF(DASHBOARD!$J$2=0,0,CONTROL!B20))) | C20: =(IF(DASHBOARD!$J$2=C15,DASHBOARD!$Q$12,IF(DASHBOARD!$J$2=0,0,CONTROL!C20))) | D20: =(IF(DASHBOARD!$J$2=D15,DASHBOARD!$Q$12,IF(DASHBOARD!$J$2=0,0,CONTROL!D20))) | E20: =(IF(DASHBOARD!$J$2=E15,DASHBOARD!$Q$12,IF(DASHBOARD!$J$2=0,0,CONTROL!E20))) | F20: =(IF(DASHBOARD!$J$2=F15,DASHBOARD!$Q$12,IF(DASHBOARD!$J$2=0,0,CONTROL!F20))) | G20: =(IF(DASHBOARD!$J$2=G15,DASHBOARD!$Q$12,IF(DASHBOARD!$J$2=0,0,CONTROL!G20))) | H20: =(IF(DASHBOARD!$J$2=H15,DASHBOARD!$Q$12,IF(DASHBOARD!$J$2=0,0,CONTROL!H20))) | I20: =(IF(DASHBOARD!$J$2=I15,DASHBOARD!$Q$12,IF(DASHBOARD!$J$2=0,0,CONTROL!I20))) | ... AW20: =(IF(DASHBOARD!$J$2=AW15,DASHBOARD!$Q$12,IF(DASHBOARD!$J$2=0,0,CONTROL!AW20))) | AZ20: BSOWA5
A21: PNKEP5 | B21: =(IF(DASHBOARD!$J$2=B15,DASHBOARD!$Q$13,IF(DASHBOARD!$J$2=0,0,CONTROL!B21))) | C21: =(IF(DASHBOARD!$J$2=C15,DASHBOARD!$Q$13,IF(DASHBOARD!$J$2=0,0,CONTROL!C21))) | D21: =(IF(DASHBOARD!$J$2=D15,DASHBOARD!$Q$13,IF(DASHBOARD!$J$2=0,0,CONTROL!D21))) | E21: =(IF(DASHBOARD!$J$2=E15,DASHBOARD!$Q$13,IF(DASHBOARD!$J$2=0,0,CONTROL!E21))) | F21: =(IF(DASHBOARD!$J$2=F15,DASHBOARD!$Q$13,IF(DASHBOARD!$J$2=0,0,CONTROL!F21))) | G21: =(IF(DASHBOARD!$J$2=G15,DASHBOARD!$Q$13,IF(DASHBOARD!$J$2=0,0,CONTROL!G21))) | H21: =(IF(DASHBOARD!$J$2=H15,DASHBOARD!$Q$13,IF(DASHBOARD!$J$2=0,0,CONTROL!H21))) | I21: =(IF(DASHBOARD!$J$2=I15,DASHBOARD!$Q$13,IF(DASHBOARD!$J$2=0,0,CONTROL!I21))) | ... AW21: =(IF(DASHBOARD!$J$2=AW15,DASHBOARD!$Q$13,IF(DASHBOARD!$J$2=0,0,CONTROL!AW21))) | AZ21: PNKEP5
A22: MAROS5 | B22: =(IF(DASHBOARD!$J$2=B15,DASHBOARD!$Q$15,IF(DASHBOARD!$J$2=0,0,CONTROL!B22))) | C22: =(IF(DASHBOARD!$J$2=C15,DASHBOARD!$Q$15,IF(DASHBOARD!$J$2=0,0,CONTROL!C22))) | D22: =(IF(DASHBOARD!$J$2=D15,DASHBOARD!$Q$15,IF(DASHBOARD!$J$2=0,0,CONTROL!D22))) | E22: =(IF(DASHBOARD!$J$2=E15,DASHBOARD!$Q$15,IF(DASHBOARD!$J$2=0,0,CONTROL!E22))) | F22: =(IF(DASHBOARD!$J$2=F15,DASHBOARD!$Q$15,IF(DASHBOARD!$J$2=0,0,CONTROL!F22))) | G22: =(IF(DASHBOARD!$J$2=G15,DASHBOARD!$Q$15,IF(DASHBOARD!$J$2=0,0,CONTROL!G22))) | H22: =(IF(DASHBOARD!$J$2=H15,DASHBOARD!$Q$15,IF(DASHBOARD!$J$2=0,0,CONTROL!H22))) | I22: =(IF(DASHBOARD!$J$2=I15,DASHBOARD!$Q$15,IF(DASHBOARD!$J$2=0,0,CONTROL!I22))) | ... AW22: =(IF(DASHBOARD!$J$2=AW15,DASHBOARD!$Q$15,IF(DASHBOARD!$J$2=0,0,CONTROL!AW22))) | AZ22: MAROS5
A23: DAYA5 | B23: =(IF(DASHBOARD!$J$2=B15,DASHBOARD!$Q$16,IF(DASHBOARD!$J$2=0,0,CONTROL!B23))) | C23: =(IF(DASHBOARD!$J$2=C15,DASHBOARD!$Q$16,IF(DASHBOARD!$J$2=0,0,CONTROL!C23))) | D23: =(IF(DASHBOARD!$J$2=D15,DASHBOARD!$Q$16,IF(DASHBOARD!$J$2=0,0,CONTROL!D23))) | E23: =(IF(DASHBOARD!$J$2=E15,DASHBOARD!$Q$16,IF(DASHBOARD!$J$2=0,0,CONTROL!E23))) | F23: =(IF(DASHBOARD!$J$2=F15,DASHBOARD!$Q$16,IF(DASHBOARD!$J$2=0,0,CONTROL!F23))) | G23: =(IF(DASHBOARD!$J$2=G15,DASHBOARD!$Q$16,IF(DASHBOARD!$J$2=0,0,CONTROL!G23))) | H23: =(IF(DASHBOARD!$J$2=H15,DASHBOARD!$Q$16,IF(DASHBOARD!$J$2=0,0,CONTROL!H23))) | I23: =(IF(DASHBOARD!$J$2=I15,DASHBOARD!$Q$16,IF(DASHBOARD!$J$2=0,0,CONTROL!I23))) | ... AW23: =(IF(DASHBOARD!$J$2=AW15,DASHBOARD!$Q$16,IF(DASHBOARD!$J$2=0,0,CONTROL!AW23))) | AZ23: DAYA5
A24: DAYA4 | B24: =(IF(DASHBOARD!$J$2=B15,DASHBOARD!$Q$17,IF(DASHBOARD!$J$2=0,0,CONTROL!B24))) | C24: =(IF(DASHBOARD!$J$2=C15,DASHBOARD!$Q$17,IF(DASHBOARD!$J$2=0,0,CONTROL!C24))) | D24: =(IF(DASHBOARD!$J$2=D15,DASHBOARD!$Q$17,IF(DASHBOARD!$J$2=0,0,CONTROL!D24))) | E24: =(IF(DASHBOARD!$J$2=E15,DASHBOARD!$Q$17,IF(DASHBOARD!$J$2=0,0,CONTROL!E24))) | F24: =(IF(DASHBOARD!$J$2=F15,DASHBOARD!$Q$17,IF(DASHBOARD!$J$2=0,0,CONTROL!F24))) | G24: =(IF(DASHBOARD!$J$2=G15,DASHBOARD!$Q$17,IF(DASHBOARD!$J$2=0,0,CONTROL!G24))) | H24: =(IF(DASHBOARD!$J$2=H15,DASHBOARD!$Q$17,IF(DASHBOARD!$J$2=0,0,CONTROL!H24))) | I24: =(IF(DASHBOARD!$J$2=I15,DASHBOARD!$Q$17,IF(DASHBOARD!$J$2=0,0,CONTROL!I24))) | ... AW24: =(IF(DASHBOARD!$J$2=AW15,DASHBOARD!$Q$17,IF(DASHBOARD!$J$2=0,0,CONTROL!AW24))) | AZ24: DAYA4
A25: PKANG5 | B25: =(IF(DASHBOARD!$J$2=B15,DASHBOARD!$Q$18,IF(DASHBOARD!$J$2=0,0,CONTROL!B25))) | C25: =(IF(DASHBOARD!$J$2=C15,DASHBOARD!$Q$18,IF(DASHBOARD!$J$2=0,0,CONTROL!C25))) | D25: =(IF(DASHBOARD!$J$2=D15,DASHBOARD!$Q$18,IF(DASHBOARD!$J$2=0,0,CONTROL!D25))) | E25: =(IF(DASHBOARD!$J$2=E15,DASHBOARD!$Q$18,IF(DASHBOARD!$J$2=0,0,CONTROL!E25))) | F25: =(IF(DASHBOARD!$J$2=F15,DASHBOARD!$Q$18,IF(DASHBOARD!$J$2=0,0,CONTROL!F25))) | G25: =(IF(DASHBOARD!$J$2=G15,DASHBOARD!$Q$18,IF(DASHBOARD!$J$2=0,0,CONTROL!G25))) | H25: =(IF(DASHBOARD!$J$2=H15,DASHBOARD!$Q$18,IF(DASHBOARD!$J$2=0,0,CONTROL!H25))) | I25: =(IF(DASHBOARD!$J$2=I15,DASHBOARD!$Q$18,IF(DASHBOARD!$J$2=0,0,CONTROL!I25))) | ... AW25: =(IF(DASHBOARD!$J$2=AW15,DASHBOARD!$Q$18,IF(DASHBOARD!$J$2=0,0,CONTROL!AW25))) | AZ25: PKANG5
A26: TLAMA5 | B26: =(IF(DASHBOARD!$J$2=B15,DASHBOARD!$Q$19,IF(DASHBOARD!$J$2=0,0,CONTROL!B26))) | C26: =(IF(DASHBOARD!$J$2=C15,DASHBOARD!$Q$19,IF(DASHBOARD!$J$2=0,0,CONTROL!C26))) | D26: =(IF(DASHBOARD!$J$2=D15,DASHBOARD!$Q$19,IF(DASHBOARD!$J$2=0,0,CONTROL!D26))) | E26: =(IF(DASHBOARD!$J$2=E15,DASHBOARD!$Q$19,IF(DASHBOARD!$J$2=0,0,CONTROL!E26))) | F26: =(IF(DASHBOARD!$J$2=F15,DASHBOARD!$Q$19,IF(DASHBOARD!$J$2=0,0,CONTROL!F26))) | G26: =(IF(DASHBOARD!$J$2=G15,DASHBOARD!$Q$19,IF(DASHBOARD!$J$2=0,0,CONTROL!G26))) | H26: =(IF(DASHBOARD!$J$2=H15,DASHBOARD!$Q$19,IF(DASHBOARD!$J$2=0,0,CONTROL!H26))) | I26: =(IF(DASHBOARD!$J$2=I15,DASHBOARD!$Q$19,IF(DASHBOARD!$J$2=0,0,CONTROL!I26))) | ... AW26: =(IF(DASHBOARD!$J$2=AW15,DASHBOARD!$Q$19,IF(DASHBOARD!$J$2=0,0,CONTROL!AW26))) | AZ26: TLAMA5
A27: MNDAI4 | B27: =(IF(DASHBOARD!$J$2=B15,DASHBOARD!$Q$20,IF(DASHBOARD!$J$2=0,0,CONTROL!B27))) | C27: =(IF(DASHBOARD!$J$2=C15,DASHBOARD!$Q$20,IF(DASHBOARD!$J$2=0,0,CONTROL!C27))) | D27: =(IF(DASHBOARD!$J$2=D15,DASHBOARD!$Q$20,IF(DASHBOARD!$J$2=0,0,CONTROL!D27))) | E27: =(IF(DASHBOARD!$J$2=E15,DASHBOARD!$Q$20,IF(DASHBOARD!$J$2=0,0,CONTROL!E27))) | F27: =(IF(DASHBOARD!$J$2=F15,DASHBOARD!$Q$20,IF(DASHBOARD!$J$2=0,0,CONTROL!F27))) | G27: =(IF(DASHBOARD!$J$2=G15,DASHBOARD!$Q$20,IF(DASHBOARD!$J$2=0,0,CONTROL!G27))) | H27: =(IF(DASHBOARD!$J$2=H15,DASHBOARD!$Q$20,IF(DASHBOARD!$J$2=0,0,CONTROL!H27))) | I27: =(IF(DASHBOARD!$J$2=I15,DASHBOARD!$Q$20,IF(DASHBOARD!$J$2=0,0,CONTROL!I27))) | ... AW27: =(IF(DASHBOARD!$J$2=AW15,DASHBOARD!$Q$20,IF(DASHBOARD!$J$2=0,0,CONTROL!AW27))) | AZ27: MNDAI4
A28: TNSA34 | B28: =(IF(DASHBOARD!$J$2=B15,DASHBOARD!$Q$21,IF(DASHBOARD!$J$2=0,0,CONTROL!B28))) | C28: =(IF(DASHBOARD!$J$2=C15,DASHBOARD!$Q$21,IF(DASHBOARD!$J$2=0,0,CONTROL!C28))) | D28: =(IF(DASHBOARD!$J$2=D15,DASHBOARD!$Q$21,IF(DASHBOARD!$J$2=0,0,CONTROL!D28))) | E28: =(IF(DASHBOARD!$J$2=E15,DASHBOARD!$Q$21,IF(DASHBOARD!$J$2=0,0,CONTROL!E28))) | F28: =(IF(DASHBOARD!$J$2=F15,DASHBOARD!$Q$21,IF(DASHBOARD!$J$2=0,0,CONTROL!F28))) | G28: =(IF(DASHBOARD!$J$2=G15,DASHBOARD!$Q$21,IF(DASHBOARD!$J$2=0,0,CONTROL!G28))) | H28: =(IF(DASHBOARD!$J$2=H15,DASHBOARD!$Q$21,IF(DASHBOARD!$J$2=0,0,CONTROL!H28))) | I28: =(IF(DASHBOARD!$J$2=I15,DASHBOARD!$Q$21,IF(DASHBOARD!$J$2=0,0,CONTROL!I28))) | ... AW28: =(IF(DASHBOARD!$J$2=AW15,DASHBOARD!$Q$21,IF(DASHBOARD!$J$2=0,0,CONTROL!AW28))) | AZ28: TNSA34
A29: BNTLA4 | B29: =(IF(DASHBOARD!$J$2=B15,DASHBOARD!$Q$22,IF(DASHBOARD!$J$2=0,0,CONTROL!B29))) | C29: =(IF(DASHBOARD!$J$2=C15,DASHBOARD!$Q$22,IF(DASHBOARD!$J$2=0,0,CONTROL!C29))) | D29: =(IF(DASHBOARD!$J$2=D15,DASHBOARD!$Q$22,IF(DASHBOARD!$J$2=0,0,CONTROL!D29))) | E29: =(IF(DASHBOARD!$J$2=E15,DASHBOARD!$Q$22,IF(DASHBOARD!$J$2=0,0,CONTROL!E29))) | F29: =(IF(DASHBOARD!$J$2=F15,DASHBOARD!$Q$22,IF(DASHBOARD!$J$2=0,0,CONTROL!F29))) | G29: =(IF(DASHBOARD!$J$2=G15,DASHBOARD!$Q$22,IF(DASHBOARD!$J$2=0,0,CONTROL!G29))) | H29: =(IF(DASHBOARD!$J$2=H15,DASHBOARD!$Q$22,IF(DASHBOARD!$J$2=0,0,CONTROL!H29))) | I29: =(IF(DASHBOARD!$J$2=I15,DASHBOARD!$Q$22,IF(DASHBOARD!$J$2=0,0,CONTROL!I29))) | ... AW29: =(IF(DASHBOARD!$J$2=AW15,DASHBOARD!$Q$22,IF(DASHBOARD!$J$2=0,0,CONTROL!AW29))) | AZ29: BNTLA4
A30: BNTLA5 | B30: =(IF(DASHBOARD!$J$2=B15,DASHBOARD!$Q$23,IF(DASHBOARD!$J$2=0,0,CONTROL!B30))) | C30: =(IF(DASHBOARD!$J$2=C15,DASHBOARD!$Q$23,IF(DASHBOARD!$J$2=0,0,CONTROL!C30))) | D30: =(IF(DASHBOARD!$J$2=D15,DASHBOARD!$Q$23,IF(DASHBOARD!$J$2=0,0,CONTROL!D30))) | E30: =(IF(DASHBOARD!$J$2=E15,DASHBOARD!$Q$23,IF(DASHBOARD!$J$2=0,0,CONTROL!E30))) | F30: =(IF(DASHBOARD!$J$2=F15,DASHBOARD!$Q$23,IF(DASHBOARD!$J$2=0,0,CONTROL!F30))) | G30: =(IF(DASHBOARD!$J$2=G15,DASHBOARD!$Q$23,IF(DASHBOARD!$J$2=0,0,CONTROL!G30))) | H30: =(IF(DASHBOARD!$J$2=H15,DASHBOARD!$Q$23,IF(DASHBOARD!$J$2=0,0,CONTROL!H30))) | I30: =(IF(DASHBOARD!$J$2=I15,DASHBOARD!$Q$23,IF(DASHBOARD!$J$2=0,0,CONTROL!I30))) | ... AW30: =(IF(DASHBOARD!$J$2=AW15,DASHBOARD!$Q$23,IF(DASHBOARD!$J$2=0,0,CONTROL!AW30))) | AZ30: BNTLA5
A31: SGMSA5 | B31: =(IF(DASHBOARD!$J$2=B15,DASHBOARD!$Q$24,IF(DASHBOARD!$J$2=0,0,CONTROL!B31))) | C31: =(IF(DASHBOARD!$J$2=C15,DASHBOARD!$Q$24,IF(DASHBOARD!$J$2=0,0,CONTROL!C31))) | D31: =(IF(DASHBOARD!$J$2=D15,DASHBOARD!$Q$24,IF(DASHBOARD!$J$2=0,0,CONTROL!D31))) | E31: =(IF(DASHBOARD!$J$2=E15,DASHBOARD!$Q$24,IF(DASHBOARD!$J$2=0,0,CONTROL!E31))) | F31: =(IF(DASHBOARD!$J$2=F15,DASHBOARD!$Q$24,IF(DASHBOARD!$J$2=0,0,CONTROL!F31))) | G31: =(IF(DASHBOARD!$J$2=G15,DASHBOARD!$Q$24,IF(DASHBOARD!$J$2=0,0,CONTROL!G31))) | H31: =(IF(DASHBOARD!$J$2=H15,DASHBOARD!$Q$24,IF(DASHBOARD!$J$2=0,0,CONTROL!H31))) | I31: =(IF(DASHBOARD!$J$2=I15,DASHBOARD!$Q$24,IF(DASHBOARD!$J$2=0,0,CONTROL!I31))) | ... AW31: =(IF(DASHBOARD!$J$2=AW15,DASHBOARD!$Q$24,IF(DASHBOARD!$J$2=0,0,CONTROL!AW31))) | AZ31: SGMSA5
A32: TBNGA5 | B32: =(IF(DASHBOARD!$J$2=B15,DASHBOARD!$Q$25,IF(DASHBOARD!$J$2=0,0,CONTROL!B32))) | C32: =(IF(DASHBOARD!$J$2=C15,DASHBOARD!$Q$25,IF(DASHBOARD!$J$2=0,0,CONTROL!C32))) | D32: =(IF(DASHBOARD!$J$2=D15,DASHBOARD!$Q$25,IF(DASHBOARD!$J$2=0,0,CONTROL!D32))) | E32: =(IF(DASHBOARD!$J$2=E15,DASHBOARD!$Q$25,IF(DASHBOARD!$J$2=0,0,CONTROL!E32))) | F32: =(IF(DASHBOARD!$J$2=F15,DASHBOARD!$Q$25,IF(DASHBOARD!$J$2=0,0,CONTROL!F32))) | G32: =(IF(DASHBOARD!$J$2=G15,DASHBOARD!$Q$25,IF(DASHBOARD!$J$2=0,0,CONTROL!G32))) | H32: =(IF(DASHBOARD!$J$2=H15,DASHBOARD!$Q$25,IF(DASHBOARD!$J$2=0,0,CONTROL!H32))) | I32: =(IF(DASHBOARD!$J$2=I15,DASHBOARD!$Q$25,IF(DASHBOARD!$J$2=0,0,CONTROL!I32))) | ... AW32: =(IF(DASHBOARD!$J$2=AW15,DASHBOARD!$Q$25,IF(DASHBOARD!$J$2=0,0,CONTROL!AW32))) | AZ32: TBNGA5
A33: BLNGI5 | B33: =(IF(DASHBOARD!$J$2=B15,DASHBOARD!$Q$26,IF(DASHBOARD!$J$2=0,0,CONTROL!B33))) | C33: =(IF(DASHBOARD!$J$2=C15,DASHBOARD!$Q$26,IF(DASHBOARD!$J$2=0,0,CONTROL!C33))) | D33: =(IF(DASHBOARD!$J$2=D15,DASHBOARD!$Q$26,IF(DASHBOARD!$J$2=0,0,CONTROL!D33))) | E33: =(IF(DASHBOARD!$J$2=E15,DASHBOARD!$Q$26,IF(DASHBOARD!$J$2=0,0,CONTROL!E33))) | F33: =(IF(DASHBOARD!$J$2=F15,DASHBOARD!$Q$26,IF(DASHBOARD!$J$2=0,0,CONTROL!F33))) | G33: =(IF(DASHBOARD!$J$2=G15,DASHBOARD!$Q$26,IF(DASHBOARD!$J$2=0,0,CONTROL!G33))) | H33: =(IF(DASHBOARD!$J$2=H15,DASHBOARD!$Q$26,IF(DASHBOARD!$J$2=0,0,CONTROL!H33))) | I33: =(IF(DASHBOARD!$J$2=I15,DASHBOARD!$Q$26,IF(DASHBOARD!$J$2=0,0,CONTROL!I33))) | ... AW33: =(IF(DASHBOARD!$J$2=AW15,DASHBOARD!$Q$26,IF(DASHBOARD!$J$2=0,0,CONTROL!AW33))) | AZ33: BLNGI5
A34: LANNA5 | B34: =(IF(DASHBOARD!$J$2=B15,DASHBOARD!$Q$27,IF(DASHBOARD!$J$2=0,0,CONTROL!B34))) | C34: =(IF(DASHBOARD!$J$2=C15,DASHBOARD!$Q$27,IF(DASHBOARD!$J$2=0,0,CONTROL!C34))) | D34: =(IF(DASHBOARD!$J$2=D15,DASHBOARD!$Q$27,IF(DASHBOARD!$J$2=0,0,CONTROL!D34))) | E34: =(IF(DASHBOARD!$J$2=E15,DASHBOARD!$Q$27,IF(DASHBOARD!$J$2=0,0,CONTROL!E34))) | F34: =(IF(DASHBOARD!$J$2=F15,DASHBOARD!$Q$27,IF(DASHBOARD!$J$2=0,0,CONTROL!F34))) | G34: =(IF(DASHBOARD!$J$2=G15,DASHBOARD!$Q$27,IF(DASHBOARD!$J$2=0,0,CONTROL!G34))) | H34: =(IF(DASHBOARD!$J$2=H15,DASHBOARD!$Q$27,IF(DASHBOARD!$J$2=0,0,CONTROL!H34))) | I34: =(IF(DASHBOARD!$J$2=I15,DASHBOARD!$Q$27,IF(DASHBOARD!$J$2=0,0,CONTROL!I34))) | ... AW34: =(IF(DASHBOARD!$J$2=AW15,DASHBOARD!$Q$27,IF(DASHBOARD!$J$2=0,0,CONTROL!AW34))) | AZ34: LANNA5
A35: TLASA5 | B35: =(IF(DASHBOARD!$J$2=B15,DASHBOARD!$Q$28,IF(DASHBOARD!$J$2=0,0,CONTROL!B35))) | C35: =(IF(DASHBOARD!$J$2=C15,DASHBOARD!$Q$28,IF(DASHBOARD!$J$2=0,0,CONTROL!C35))) | D35: =(IF(DASHBOARD!$J$2=D15,DASHBOARD!$Q$28,IF(DASHBOARD!$J$2=0,0,CONTROL!D35))) | E35: =(IF(DASHBOARD!$J$2=E15,DASHBOARD!$Q$28,IF(DASHBOARD!$J$2=0,0,CONTROL!E35))) | F35: =(IF(DASHBOARD!$J$2=F15,DASHBOARD!$Q$28,IF(DASHBOARD!$J$2=0,0,CONTROL!F35))) | G35: =(IF(DASHBOARD!$J$2=G15,DASHBOARD!$Q$28,IF(DASHBOARD!$J$2=0,0,CONTROL!G35))) | H35: =(IF(DASHBOARD!$J$2=H15,DASHBOARD!$Q$28,IF(DASHBOARD!$J$2=0,0,CONTROL!H35))) | I35: =(IF(DASHBOARD!$J$2=I15,DASHBOARD!$Q$28,IF(DASHBOARD!$J$2=0,0,CONTROL!I35))) | ... AW35: =(IF(DASHBOARD!$J$2=AW15,DASHBOARD!$Q$28,IF(DASHBOARD!$J$2=0,0,CONTROL!AW35))) | AZ35: TLASA5
A36: PNGYA5 | B36: =(IF(DASHBOARD!$J$2=B15,DASHBOARD!$Q$29,IF(DASHBOARD!$J$2=0,0,CONTROL!B36))) | C36: =(IF(DASHBOARD!$J$2=C15,DASHBOARD!$Q$29,IF(DASHBOARD!$J$2=0,0,CONTROL!C36))) | D36: =(IF(DASHBOARD!$J$2=D15,DASHBOARD!$Q$29,IF(DASHBOARD!$J$2=0,0,CONTROL!D36))) | E36: =(IF(DASHBOARD!$J$2=E15,DASHBOARD!$Q$29,IF(DASHBOARD!$J$2=0,0,CONTROL!E36))) | F36: =(IF(DASHBOARD!$J$2=F15,DASHBOARD!$Q$29,IF(DASHBOARD!$J$2=0,0,CONTROL!F36))) | G36: =(IF(DASHBOARD!$J$2=G15,DASHBOARD!$Q$29,IF(DASHBOARD!$J$2=0,0,CONTROL!G36))) | H36: =(IF(DASHBOARD!$J$2=H15,DASHBOARD!$Q$29,IF(DASHBOARD!$J$2=0,0,CONTROL!H36))) | I36: =(IF(DASHBOARD!$J$2=I15,DASHBOARD!$Q$29,IF(DASHBOARD!$J$2=0,0,CONTROL!I36))) | ... AW36: =(IF(DASHBOARD!$J$2=AW15,DASHBOARD!$Q$29,IF(DASHBOARD!$J$2=0,0,CONTROL!AW36))) | AZ36: PNGYA5
A37: PJNPT1 | B37: =(IF(DASHBOARD!$J$2=B15,DASHBOARD!$Q$30,IF(DASHBOARD!$J$2=0,0,CONTROL!B37))) | C37: =(IF(DASHBOARD!$J$2=C15,DASHBOARD!$Q$30,IF(DASHBOARD!$J$2=0,0,CONTROL!C37))) | D37: =(IF(DASHBOARD!$J$2=D15,DASHBOARD!$Q$30,IF(DASHBOARD!$J$2=0,0,CONTROL!D37))) | E37: =(IF(DASHBOARD!$J$2=E15,DASHBOARD!$Q$30,IF(DASHBOARD!$J$2=0,0,CONTROL!E37))) | F37: =(IF(DASHBOARD!$J$2=F15,DASHBOARD!$Q$30,IF(DASHBOARD!$J$2=0,0,CONTROL!F37))) | G37: =(IF(DASHBOARD!$J$2=G15,DASHBOARD!$Q$30,IF(DASHBOARD!$J$2=0,0,CONTROL!G37))) | H37: =(IF(DASHBOARD!$J$2=H15,DASHBOARD!$Q$30,IF(DASHBOARD!$J$2=0,0,CONTROL!H37))) | I37: =(IF(DASHBOARD!$J$2=I15,DASHBOARD!$Q$30,IF(DASHBOARD!$J$2=0,0,CONTROL!I37))) | ... AW37: =(IF(DASHBOARD!$J$2=AW15,DASHBOARD!$Q$30,IF(DASHBOARD!$J$2=0,0,CONTROL!AW37))) | AZ37: PJNPT1
A38: PJNPT2 | B38: =(IF(DASHBOARD!$J$2=B15,DASHBOARD!$Q$31,IF(DASHBOARD!$J$2=0,0,CONTROL!B38))) | C38: =(IF(DASHBOARD!$J$2=C15,DASHBOARD!$Q$31,IF(DASHBOARD!$J$2=0,0,CONTROL!C38))) | D38: =(IF(DASHBOARD!$J$2=D15,DASHBOARD!$Q$31,IF(DASHBOARD!$J$2=0,0,CONTROL!D38))) | E38: =(IF(DASHBOARD!$J$2=E15,DASHBOARD!$Q$31,IF(DASHBOARD!$J$2=0,0,CONTROL!E38))) | F38: =(IF(DASHBOARD!$J$2=F15,DASHBOARD!$Q$31,IF(DASHBOARD!$J$2=0,0,CONTROL!F38))) | G38: =(IF(DASHBOARD!$J$2=G15,DASHBOARD!$Q$31,IF(DASHBOARD!$J$2=0,0,CONTROL!G38))) | H38: =(IF(DASHBOARD!$J$2=H15,DASHBOARD!$Q$31,IF(DASHBOARD!$J$2=0,0,CONTROL!H38))) | I38: =(IF(DASHBOARD!$J$2=I15,DASHBOARD!$Q$31,IF(DASHBOARD!$J$2=0,0,CONTROL!I38))) | ... AW38: =(IF(DASHBOARD!$J$2=AW15,DASHBOARD!$Q$31,IF(DASHBOARD!$J$2=0,0,CONTROL!AW38))) | AZ38: PJNPT2
A39: PLTBT | B39: =(IF(DASHBOARD!$J$2=B15,DASHBOARD!$Q$32,IF(DASHBOARD!$J$2=0,0,CONTROL!B39))) | C39: =(IF(DASHBOARD!$J$2=C15,DASHBOARD!$Q$32,IF(DASHBOARD!$J$2=0,0,CONTROL!C39))) | D39: =(IF(DASHBOARD!$J$2=D15,DASHBOARD!$Q$32,IF(DASHBOARD!$J$2=0,0,CONTROL!D39))) | E39: =(IF(DASHBOARD!$J$2=E15,DASHBOARD!$Q$32,IF(DASHBOARD!$J$2=0,0,CONTROL!E39))) | F39: =(IF(DASHBOARD!$J$2=F15,DASHBOARD!$Q$32,IF(DASHBOARD!$J$2=0,0,CONTROL!F39))) | G39: =(IF(DASHBOARD!$J$2=G15,DASHBOARD!$Q$32,IF(DASHBOARD!$J$2=0,0,CONTROL!G39))) | H39: =(IF(DASHBOARD!$J$2=H15,DASHBOARD!$Q$32,IF(DASHBOARD!$J$2=0,0,CONTROL!H39))) | I39: =(IF(DASHBOARD!$J$2=I15,DASHBOARD!$Q$32,IF(DASHBOARD!$J$2=0,0,CONTROL!I39))) | ... AW39: =(IF(DASHBOARD!$J$2=AW15,DASHBOARD!$Q$32,IF(DASHBOARD!$J$2=0,0,CONTROL!AW39))) | AZ39: PLTBT
A40: BNTGN5 | B40: =(IF(DASHBOARD!$J$2=B15,DASHBOARD!$Q$33,IF(DASHBOARD!$J$2=0,0,CONTROL!B40))) | C40: =(IF(DASHBOARD!$J$2=C15,DASHBOARD!$Q$33,IF(DASHBOARD!$J$2=0,0,CONTROL!C40))) | D40: =(IF(DASHBOARD!$J$2=D15,DASHBOARD!$Q$33,IF(DASHBOARD!$J$2=0,0,CONTROL!D40))) | E40: =(IF(DASHBOARD!$J$2=E15,DASHBOARD!$Q$33,IF(DASHBOARD!$J$2=0,0,CONTROL!E40))) | F40: =(IF(DASHBOARD!$J$2=F15,DASHBOARD!$Q$33,IF(DASHBOARD!$J$2=0,0,CONTROL!F40))) | G40: =(IF(DASHBOARD!$J$2=G15,DASHBOARD!$Q$33,IF(DASHBOARD!$J$2=0,0,CONTROL!G40))) | H40: =(IF(DASHBOARD!$J$2=H15,DASHBOARD!$Q$33,IF(DASHBOARD!$J$2=0,0,CONTROL!H40))) | I40: =(IF(DASHBOARD!$J$2=I15,DASHBOARD!$Q$33,IF(DASHBOARD!$J$2=0,0,CONTROL!I40))) | ... AW40: =(IF(DASHBOARD!$J$2=AW15,DASHBOARD!$Q$33,IF(DASHBOARD!$J$2=0,0,CONTROL!AW40))) | AZ40: BNTGN5
A41: BNTGS5 | B41: =(IF(DASHBOARD!$J$2=B15,DASHBOARD!$Q$34,IF(DASHBOARD!$J$2=0,0,CONTROL!B41))) | C41: =(IF(DASHBOARD!$J$2=C15,DASHBOARD!$Q$34,IF(DASHBOARD!$J$2=0,0,CONTROL!C41))) | D41: =(IF(DASHBOARD!$J$2=D15,DASHBOARD!$Q$34,IF(DASHBOARD!$J$2=0,0,CONTROL!D41))) | E41: =(IF(DASHBOARD!$J$2=E15,DASHBOARD!$Q$34,IF(DASHBOARD!$J$2=0,0,CONTROL!E41))) | F41: =(IF(DASHBOARD!$J$2=F15,DASHBOARD!$Q$34,IF(DASHBOARD!$J$2=0,0,CONTROL!F41))) | G41: =(IF(DASHBOARD!$J$2=G15,DASHBOARD!$Q$34,IF(DASHBOARD!$J$2=0,0,CONTROL!G41))) | H41: =(IF(DASHBOARD!$J$2=H15,DASHBOARD!$Q$34,IF(DASHBOARD!$J$2=0,0,CONTROL!H41))) | I41: =(IF(DASHBOARD!$J$2=I15,DASHBOARD!$Q$34,IF(DASHBOARD!$J$2=0,0,CONTROL!I41))) | ... AW41: =(IF(DASHBOARD!$J$2=AW15,DASHBOARD!$Q$34,IF(DASHBOARD!$J$2=0,0,CONTROL!AW41))) | AZ41: BNTGS5
A42: BTGSM5 | B42: =(IF(DASHBOARD!$J$2=B15,DASHBOARD!$Q$35,IF(DASHBOARD!$J$2=0,0,CONTROL!B42))) | C42: =(IF(DASHBOARD!$J$2=C15,DASHBOARD!$Q$35,IF(DASHBOARD!$J$2=0,0,CONTROL!C42))) | D42: =(IF(DASHBOARD!$J$2=D15,DASHBOARD!$Q$35,IF(DASHBOARD!$J$2=0,0,CONTROL!D42))) | E42: =(IF(DASHBOARD!$J$2=E15,DASHBOARD!$Q$35,IF(DASHBOARD!$J$2=0,0,CONTROL!E42))) | F42: =(IF(DASHBOARD!$J$2=F15,DASHBOARD!$Q$35,IF(DASHBOARD!$J$2=0,0,CONTROL!F42))) | G42: =(IF(DASHBOARD!$J$2=G15,DASHBOARD!$Q$35,IF(DASHBOARD!$J$2=0,0,CONTROL!G42))) | H42: =(IF(DASHBOARD!$J$2=H15,DASHBOARD!$Q$35,IF(DASHBOARD!$J$2=0,0,CONTROL!H42))) | I42: =(IF(DASHBOARD!$J$2=I15,DASHBOARD!$Q$35,IF(DASHBOARD!$J$2=0,0,CONTROL!I42))) | ... AW42: =(IF(DASHBOARD!$J$2=AW15,DASHBOARD!$Q$35,IF(DASHBOARD!$J$2=0,0,CONTROL!AW42))) | AZ42: BTGSM5
A43: BKMBA5 | B43: =(IF(DASHBOARD!$J$2=B15,DASHBOARD!$Q$36,IF(DASHBOARD!$J$2=0,0,CONTROL!B43))) | C43: =(IF(DASHBOARD!$J$2=C15,DASHBOARD!$Q$36,IF(DASHBOARD!$J$2=0,0,CONTROL!C43))) | D43: =(IF(DASHBOARD!$J$2=D15,DASHBOARD!$Q$36,IF(DASHBOARD!$J$2=0,0,CONTROL!D43))) | E43: =(IF(DASHBOARD!$J$2=E15,DASHBOARD!$Q$36,IF(DASHBOARD!$J$2=0,0,CONTROL!E43))) | F43: =(IF(DASHBOARD!$J$2=F15,DASHBOARD!$Q$36,IF(DASHBOARD!$J$2=0,0,CONTROL!F43))) | G43: =(IF(DASHBOARD!$J$2=G15,DASHBOARD!$Q$36,IF(DASHBOARD!$J$2=0,0,CONTROL!G43))) | H43: =(IF(DASHBOARD!$J$2=H15,DASHBOARD!$Q$36,IF(DASHBOARD!$J$2=0,0,CONTROL!H43))) | I43: =(IF(DASHBOARD!$J$2=I15,DASHBOARD!$Q$36,IF(DASHBOARD!$J$2=0,0,CONTROL!I43))) | ... AW43: =(IF(DASHBOARD!$J$2=AW15,DASHBOARD!$Q$36,IF(DASHBOARD!$J$2=0,0,CONTROL!AW43))) | AZ43: BKMBA5
A44: TNETE5 | B44: =(IF(DASHBOARD!$J$2=B15,DASHBOARD!$Q$37,IF(DASHBOARD!$J$2=0,0,CONTROL!B44))) | C44: =(IF(DASHBOARD!$J$2=C15,DASHBOARD!$Q$37,IF(DASHBOARD!$J$2=0,0,CONTROL!C44))) | D44: =(IF(DASHBOARD!$J$2=D15,DASHBOARD!$Q$37,IF(DASHBOARD!$J$2=0,0,CONTROL!D44))) | E44: =(IF(DASHBOARD!$J$2=E15,DASHBOARD!$Q$37,IF(DASHBOARD!$J$2=0,0,CONTROL!E44))) | F44: =(IF(DASHBOARD!$J$2=F15,DASHBOARD!$Q$37,IF(DASHBOARD!$J$2=0,0,CONTROL!F44))) | G44: =(IF(DASHBOARD!$J$2=G15,DASHBOARD!$Q$37,IF(DASHBOARD!$J$2=0,0,CONTROL!G44))) | H44: =(IF(DASHBOARD!$J$2=H15,DASHBOARD!$Q$37,IF(DASHBOARD!$J$2=0,0,CONTROL!H44))) | I44: =(IF(DASHBOARD!$J$2=I15,DASHBOARD!$Q$37,IF(DASHBOARD!$J$2=0,0,CONTROL!I44))) | ... AW44: =(IF(DASHBOARD!$J$2=AW15,DASHBOARD!$Q$37,IF(DASHBOARD!$J$2=0,0,CONTROL!AW44))) | AZ44: TNETE5
A45: SNJAI5 | B45: =(IF(DASHBOARD!$J$2=B15,DASHBOARD!$Q$38,IF(DASHBOARD!$J$2=0,0,CONTROL!B45))) | C45: =(IF(DASHBOARD!$J$2=C15,DASHBOARD!$Q$38,IF(DASHBOARD!$J$2=0,0,CONTROL!C45))) | D45: =(IF(DASHBOARD!$J$2=D15,DASHBOARD!$Q$38,IF(DASHBOARD!$J$2=0,0,CONTROL!D45))) | E45: =(IF(DASHBOARD!$J$2=E15,DASHBOARD!$Q$38,IF(DASHBOARD!$J$2=0,0,CONTROL!E45))) | F45: =(IF(DASHBOARD!$J$2=F15,DASHBOARD!$Q$38,IF(DASHBOARD!$J$2=0,0,CONTROL!F45))) | G45: =(IF(DASHBOARD!$J$2=G15,DASHBOARD!$Q$38,IF(DASHBOARD!$J$2=0,0,CONTROL!G45))) | H45: =(IF(DASHBOARD!$J$2=H15,DASHBOARD!$Q$38,IF(DASHBOARD!$J$2=0,0,CONTROL!H45))) | I45: =(IF(DASHBOARD!$J$2=I15,DASHBOARD!$Q$38,IF(DASHBOARD!$J$2=0,0,CONTROL!I45))) | ... AW45: =(IF(DASHBOARD!$J$2=AW15,DASHBOARD!$Q$38,IF(DASHBOARD!$J$2=0,0,CONTROL!AW45))) | AZ45: SNJAI5
A46: SPENG5 | B46: =(IF(DASHBOARD!$J$2=B15,DASHBOARD!$Q$39,IF(DASHBOARD!$J$2=0,0,CONTROL!B46))) | C46: =(IF(DASHBOARD!$J$2=C15,DASHBOARD!$Q$39,IF(DASHBOARD!$J$2=0,0,CONTROL!C46))) | D46: =(IF(DASHBOARD!$J$2=D15,DASHBOARD!$Q$39,IF(DASHBOARD!$J$2=0,0,CONTROL!D46))) | E46: =(IF(DASHBOARD!$J$2=E15,DASHBOARD!$Q$39,IF(DASHBOARD!$J$2=0,0,CONTROL!E46))) | F46: =(IF(DASHBOARD!$J$2=F15,DASHBOARD!$Q$39,IF(DASHBOARD!$J$2=0,0,CONTROL!F46))) | G46: =(IF(DASHBOARD!$J$2=G15,DASHBOARD!$Q$39,IF(DASHBOARD!$J$2=0,0,CONTROL!G46))) | H46: =(IF(DASHBOARD!$J$2=H15,DASHBOARD!$Q$39,IF(DASHBOARD!$J$2=0,0,CONTROL!H46))) | I46: =(IF(DASHBOARD!$J$2=I15,DASHBOARD!$Q$39,IF(DASHBOARD!$J$2=0,0,CONTROL!I46))) | ... AW46: =(IF(DASHBOARD!$J$2=AW15,DASHBOARD!$Q$39,IF(DASHBOARD!$J$2=0,0,CONTROL!AW46))) | AZ46: SPENG5
A47: BONE5 | B47: =(IF(DASHBOARD!$J$2=B15,DASHBOARD!$Q$40,IF(DASHBOARD!$J$2=0,0,CONTROL!B47))) | C47: =(IF(DASHBOARD!$J$2=C15,DASHBOARD!$Q$40,IF(DASHBOARD!$J$2=0,0,CONTROL!C47))) | D47: =(IF(DASHBOARD!$J$2=D15,DASHBOARD!$Q$40,IF(DASHBOARD!$J$2=0,0,CONTROL!D47))) | E47: =(IF(DASHBOARD!$J$2=E15,DASHBOARD!$Q$40,IF(DASHBOARD!$J$2=0,0,CONTROL!E47))) | F47: =(IF(DASHBOARD!$J$2=F15,DASHBOARD!$Q$40,IF(DASHBOARD!$J$2=0,0,CONTROL!F47))) | G47: =(IF(DASHBOARD!$J$2=G15,DASHBOARD!$Q$40,IF(DASHBOARD!$J$2=0,0,CONTROL!G47))) | H47: =(IF(DASHBOARD!$J$2=H15,DASHBOARD!$Q$40,IF(DASHBOARD!$J$2=0,0,CONTROL!H47))) | I47: =(IF(DASHBOARD!$J$2=I15,DASHBOARD!$Q$40,IF(DASHBOARD!$J$2=0,0,CONTROL!I47))) | ... AW47: =(IF(DASHBOARD!$J$2=AW15,DASHBOARD!$Q$40,IF(DASHBOARD!$J$2=0,0,CONTROL!AW47))) | AZ47: BONE5
A48: BARRU5 | B48: =(IF(DASHBOARD!$J$2=B15,DASHBOARD!$Q$41,IF(DASHBOARD!$J$2=0,0,CONTROL!B48))) | C48: =(IF(DASHBOARD!$J$2=C15,DASHBOARD!$Q$41,IF(DASHBOARD!$J$2=0,0,CONTROL!C48))) | D48: =(IF(DASHBOARD!$J$2=D15,DASHBOARD!$Q$41,IF(DASHBOARD!$J$2=0,0,CONTROL!D48))) | E48: =(IF(DASHBOARD!$J$2=E15,DASHBOARD!$Q$41,IF(DASHBOARD!$J$2=0,0,CONTROL!E48))) | F48: =(IF(DASHBOARD!$J$2=F15,DASHBOARD!$Q$41,IF(DASHBOARD!$J$2=0,0,CONTROL!F48))) | G48: =(IF(DASHBOARD!$J$2=G15,DASHBOARD!$Q$41,IF(DASHBOARD!$J$2=0,0,CONTROL!G48))) | H48: =(IF(DASHBOARD!$J$2=H15,DASHBOARD!$Q$41,IF(DASHBOARD!$J$2=0,0,CONTROL!H48))) | I48: =(IF(DASHBOARD!$J$2=I15,DASHBOARD!$Q$41,IF(DASHBOARD!$J$2=0,0,CONTROL!I48))) | ... AW48: =(IF(DASHBOARD!$J$2=AW15,DASHBOARD!$Q$41,IF(DASHBOARD!$J$2=0,0,CONTROL!AW48))) | AZ48: BARRU5
A49: BLUSU5 | B49: =(IF(DASHBOARD!$J$2=B15,DASHBOARD!$Q$42,IF(DASHBOARD!$J$2=0,0,CONTROL!B49))) | C49: =(IF(DASHBOARD!$J$2=C15,DASHBOARD!$Q$42,IF(DASHBOARD!$J$2=0,0,CONTROL!C49))) | D49: =(IF(DASHBOARD!$J$2=D15,DASHBOARD!$Q$42,IF(DASHBOARD!$J$2=0,0,CONTROL!D49))) | E49: =(IF(DASHBOARD!$J$2=E15,DASHBOARD!$Q$42,IF(DASHBOARD!$J$2=0,0,CONTROL!E49))) | F49: =(IF(DASHBOARD!$J$2=F15,DASHBOARD!$Q$42,IF(DASHBOARD!$J$2=0,0,CONTROL!F49))) | G49: =(IF(DASHBOARD!$J$2=G15,DASHBOARD!$Q$42,IF(DASHBOARD!$J$2=0,0,CONTROL!G49))) | H49: =(IF(DASHBOARD!$J$2=H15,DASHBOARD!$Q$42,IF(DASHBOARD!$J$2=0,0,CONTROL!H49))) | I49: =(IF(DASHBOARD!$J$2=I15,DASHBOARD!$Q$42,IF(DASHBOARD!$J$2=0,0,CONTROL!I49))) | ... AW49: =(IF(DASHBOARD!$J$2=AW15,DASHBOARD!$Q$42,IF(DASHBOARD!$J$2=0,0,CONTROL!AW49))) | AZ49: BLUSU5
A50: LTUPA6 | B50: =(IF(DASHBOARD!$J$2=B15,DASHBOARD!$Q$43,IF(DASHBOARD!$J$2=0,0,CONTROL!B50))) | C50: =(IF(DASHBOARD!$J$2=C15,DASHBOARD!$Q$43,IF(DASHBOARD!$J$2=0,0,CONTROL!C50))) | D50: =(IF(DASHBOARD!$J$2=D15,DASHBOARD!$Q$43,IF(DASHBOARD!$J$2=0,0,CONTROL!D50))) | E50: =(IF(DASHBOARD!$J$2=E15,DASHBOARD!$Q$43,IF(DASHBOARD!$J$2=0,0,CONTROL!E50))) | F50: =(IF(DASHBOARD!$J$2=F15,DASHBOARD!$Q$43,IF(DASHBOARD!$J$2=0,0,CONTROL!F50))) | G50: =(IF(DASHBOARD!$J$2=G15,DASHBOARD!$Q$43,IF(DASHBOARD!$J$2=0,0,CONTROL!G50))) | H50: =(IF(DASHBOARD!$J$2=H15,DASHBOARD!$Q$43,IF(DASHBOARD!$J$2=0,0,CONTROL!H50))) | I50: =(IF(DASHBOARD!$J$2=I15,DASHBOARD!$Q$43,IF(DASHBOARD!$J$2=0,0,CONTROL!I50))) | ... AW50: =(IF(DASHBOARD!$J$2=AW15,DASHBOARD!$Q$43,IF(DASHBOARD!$J$2=0,0,CONTROL!AW50))) | AZ50: LTUPA6
A51: PMONA6 | B51: =(IF(DASHBOARD!$J$2=B15,DASHBOARD!$Q$45,IF(DASHBOARD!$J$2=0,0,CONTROL!B51))) | C51: =(IF(DASHBOARD!$J$2=C15,DASHBOARD!$Q$45,IF(DASHBOARD!$J$2=0,0,CONTROL!C51))) | D51: =(IF(DASHBOARD!$J$2=D15,DASHBOARD!$Q$45,IF(DASHBOARD!$J$2=0,0,CONTROL!D51))) | E51: =(IF(DASHBOARD!$J$2=E15,DASHBOARD!$Q$45,IF(DASHBOARD!$J$2=0,0,CONTROL!E51))) | F51: =(IF(DASHBOARD!$J$2=F15,DASHBOARD!$Q$45,IF(DASHBOARD!$J$2=0,0,CONTROL!F51))) | G51: =(IF(DASHBOARD!$J$2=G15,DASHBOARD!$Q$45,IF(DASHBOARD!$J$2=0,0,CONTROL!G51))) | H51: =(IF(DASHBOARD!$J$2=H15,DASHBOARD!$Q$45,IF(DASHBOARD!$J$2=0,0,CONTROL!H51))) | I51: =(IF(DASHBOARD!$J$2=I15,DASHBOARD!$Q$45,IF(DASHBOARD!$J$2=0,0,CONTROL!I51))) | ... AW51: =(IF(DASHBOARD!$J$2=AW15,DASHBOARD!$Q$45,IF(DASHBOARD!$J$2=0,0,CONTROL!AW51))) | AZ51: PMONA6
A52: WOTU6 | B52: =(IF(DASHBOARD!$J$2=B15,DASHBOARD!$Q$47,IF(DASHBOARD!$J$2=0,0,CONTROL!B52))) | C52: =(IF(DASHBOARD!$J$2=C15,DASHBOARD!$Q$47,IF(DASHBOARD!$J$2=0,0,CONTROL!C52))) | D52: =(IF(DASHBOARD!$J$2=D15,DASHBOARD!$Q$47,IF(DASHBOARD!$J$2=0,0,CONTROL!D52))) | E52: =(IF(DASHBOARD!$J$2=E15,DASHBOARD!$Q$47,IF(DASHBOARD!$J$2=0,0,CONTROL!E52))) | F52: =(IF(DASHBOARD!$J$2=F15,DASHBOARD!$Q$47,IF(DASHBOARD!$J$2=0,0,CONTROL!F52))) | G52: =(IF(DASHBOARD!$J$2=G15,DASHBOARD!$Q$47,IF(DASHBOARD!$J$2=0,0,CONTROL!G52))) | H52: =(IF(DASHBOARD!$J$2=H15,DASHBOARD!$Q$47,IF(DASHBOARD!$J$2=0,0,CONTROL!H52))) | I52: =(IF(DASHBOARD!$J$2=I15,DASHBOARD!$Q$47,IF(DASHBOARD!$J$2=0,0,CONTROL!I52))) | ... AW52: =(IF(DASHBOARD!$J$2=AW15,DASHBOARD!$Q$47,IF(DASHBOARD!$J$2=0,0,CONTROL!AW52))) | AZ52: WOTU6
A53: PPARE5 | B53: =(IF(DASHBOARD!$J$2=B15,DASHBOARD!$Q$49,IF(DASHBOARD!$J$2=0,0,CONTROL!B53))) | C53: =(IF(DASHBOARD!$J$2=C15,DASHBOARD!$Q$49,IF(DASHBOARD!$J$2=0,0,CONTROL!C53))) | D53: =(IF(DASHBOARD!$J$2=D15,DASHBOARD!$Q$49,IF(DASHBOARD!$J$2=0,0,CONTROL!D53))) | E53: =(IF(DASHBOARD!$J$2=E15,DASHBOARD!$Q$49,IF(DASHBOARD!$J$2=0,0,CONTROL!E53))) | F53: =(IF(DASHBOARD!$J$2=F15,DASHBOARD!$Q$49,IF(DASHBOARD!$J$2=0,0,CONTROL!F53))) | G53: =(IF(DASHBOARD!$J$2=G15,DASHBOARD!$Q$49,IF(DASHBOARD!$J$2=0,0,CONTROL!G53))) | H53: =(IF(DASHBOARD!$J$2=H15,DASHBOARD!$Q$49,IF(DASHBOARD!$J$2=0,0,CONTROL!H53))) | I53: =(IF(DASHBOARD!$J$2=I15,DASHBOARD!$Q$49,IF(DASHBOARD!$J$2=0,0,CONTROL!I53))) | ... AW53: =(IF(DASHBOARD!$J$2=AW15,DASHBOARD!$Q$49,IF(DASHBOARD!$J$2=0,0,CONTROL!AW53))) | AZ53: PPARE5
A54: PRANG5 | B54: =(IF(DASHBOARD!$J$2=B15,DASHBOARD!$Q$50,IF(DASHBOARD!$J$2=0,0,CONTROL!B54))) | C54: =(IF(DASHBOARD!$J$2=C15,DASHBOARD!$Q$50,IF(DASHBOARD!$J$2=0,0,CONTROL!C54))) | D54: =(IF(DASHBOARD!$J$2=D15,DASHBOARD!$Q$50,IF(DASHBOARD!$J$2=0,0,CONTROL!D54))) | E54: =(IF(DASHBOARD!$J$2=E15,DASHBOARD!$Q$50,IF(DASHBOARD!$J$2=0,0,CONTROL!E54))) | F54: =(IF(DASHBOARD!$J$2=F15,DASHBOARD!$Q$50,IF(DASHBOARD!$J$2=0,0,CONTROL!F54))) | G54: =(IF(DASHBOARD!$J$2=G15,DASHBOARD!$Q$50,IF(DASHBOARD!$J$2=0,0,CONTROL!G54))) | H54: =(IF(DASHBOARD!$J$2=H15,DASHBOARD!$Q$50,IF(DASHBOARD!$J$2=0,0,CONTROL!H54))) | I54: =(IF(DASHBOARD!$J$2=I15,DASHBOARD!$Q$50,IF(DASHBOARD!$J$2=0,0,CONTROL!I54))) | ... AW54: =(IF(DASHBOARD!$J$2=AW15,DASHBOARD!$Q$50,IF(DASHBOARD!$J$2=0,0,CONTROL!AW54))) | AZ54: PRANG5
A55: SUPPA5 | B55: =(IF(DASHBOARD!$J$2=B15,DASHBOARD!$Q$51,IF(DASHBOARD!$J$2=0,0,CONTROL!B55))) | C55: =(IF(DASHBOARD!$J$2=C15,DASHBOARD!$Q$51,IF(DASHBOARD!$J$2=0,0,CONTROL!C55))) | D55: =(IF(DASHBOARD!$J$2=D15,DASHBOARD!$Q$51,IF(DASHBOARD!$J$2=0,0,CONTROL!D55))) | E55: =(IF(DASHBOARD!$J$2=E15,DASHBOARD!$Q$51,IF(DASHBOARD!$J$2=0,0,CONTROL!E55))) | F55: =(IF(DASHBOARD!$J$2=F15,DASHBOARD!$Q$51,IF(DASHBOARD!$J$2=0,0,CONTROL!F55))) | G55: =(IF(DASHBOARD!$J$2=G15,DASHBOARD!$Q$51,IF(DASHBOARD!$J$2=0,0,CONTROL!G55))) | H55: =(IF(DASHBOARD!$J$2=H15,DASHBOARD!$Q$51,IF(DASHBOARD!$J$2=0,0,CONTROL!H55))) | I55: =(IF(DASHBOARD!$J$2=I15,DASHBOARD!$Q$51,IF(DASHBOARD!$J$2=0,0,CONTROL!I55))) | ... AW55: =(IF(DASHBOARD!$J$2=AW15,DASHBOARD!$Q$51,IF(DASHBOARD!$J$2=0,0,CONTROL!AW55))) | AZ55: SUPPA5
A56: JNPTO5 | B56: =(IF(DASHBOARD!$J$2=B15,DASHBOARD!$Q$52,IF(DASHBOARD!$J$2=0,0,CONTROL!B56))) | C56: =(IF(DASHBOARD!$J$2=C15,DASHBOARD!$Q$52,IF(DASHBOARD!$J$2=0,0,CONTROL!C56))) | D56: =(IF(DASHBOARD!$J$2=D15,DASHBOARD!$Q$52,IF(DASHBOARD!$J$2=0,0,CONTROL!D56))) | E56: =(IF(DASHBOARD!$J$2=E15,DASHBOARD!$Q$52,IF(DASHBOARD!$J$2=0,0,CONTROL!E56))) | F56: =(IF(DASHBOARD!$J$2=F15,DASHBOARD!$Q$52,IF(DASHBOARD!$J$2=0,0,CONTROL!F56))) | G56: =(IF(DASHBOARD!$J$2=G15,DASHBOARD!$Q$52,IF(DASHBOARD!$J$2=0,0,CONTROL!G56))) | H56: =(IF(DASHBOARD!$J$2=H15,DASHBOARD!$Q$52,IF(DASHBOARD!$J$2=0,0,CONTROL!H56))) | I56: =(IF(DASHBOARD!$J$2=I15,DASHBOARD!$Q$52,IF(DASHBOARD!$J$2=0,0,CONTROL!I56))) | ... AW56: =(IF(DASHBOARD!$J$2=AW15,DASHBOARD!$Q$52,IF(DASHBOARD!$J$2=0,0,CONTROL!AW56))) | AZ56: JNPTO5
A57: BKARU5 | B57: =(IF(DASHBOARD!$J$2=B15,DASHBOARD!$Q$55,IF(DASHBOARD!$J$2=0,0,CONTROL!B57))) | C57: =(IF(DASHBOARD!$J$2=C15,DASHBOARD!$Q$55,IF(DASHBOARD!$J$2=0,0,CONTROL!C57))) | D57: =(IF(DASHBOARD!$J$2=D15,DASHBOARD!$Q$55,IF(DASHBOARD!$J$2=0,0,CONTROL!D57))) | E57: =(IF(DASHBOARD!$J$2=E15,DASHBOARD!$Q$55,IF(DASHBOARD!$J$2=0,0,CONTROL!E57))) | F57: =(IF(DASHBOARD!$J$2=F15,DASHBOARD!$Q$55,IF(DASHBOARD!$J$2=0,0,CONTROL!F57))) | G57: =(IF(DASHBOARD!$J$2=G15,DASHBOARD!$Q$55,IF(DASHBOARD!$J$2=0,0,CONTROL!G57))) | H57: =(IF(DASHBOARD!$J$2=H15,DASHBOARD!$Q$55,IF(DASHBOARD!$J$2=0,0,CONTROL!H57))) | I57: =(IF(DASHBOARD!$J$2=I15,DASHBOARD!$Q$55,IF(DASHBOARD!$J$2=0,0,CONTROL!I57))) | ... AW57: =(IF(DASHBOARD!$J$2=AW15,DASHBOARD!$Q$55,IF(DASHBOARD!$J$2=0,0,CONTROL!AW57))) | AZ57: BKARU5
A58: SDRAP5 | B58: =(IF(DASHBOARD!$J$2=B15,DASHBOARD!$Q$56,IF(DASHBOARD!$J$2=0,0,CONTROL!B58))) | C58: =(IF(DASHBOARD!$J$2=C15,DASHBOARD!$Q$56,IF(DASHBOARD!$J$2=0,0,CONTROL!C58))) | D58: =(IF(DASHBOARD!$J$2=D15,DASHBOARD!$Q$56,IF(DASHBOARD!$J$2=0,0,CONTROL!D58))) | E58: =(IF(DASHBOARD!$J$2=E15,DASHBOARD!$Q$56,IF(DASHBOARD!$J$2=0,0,CONTROL!E58))) | F58: =(IF(DASHBOARD!$J$2=F15,DASHBOARD!$Q$56,IF(DASHBOARD!$J$2=0,0,CONTROL!F58))) | G58: =(IF(DASHBOARD!$J$2=G15,DASHBOARD!$Q$56,IF(DASHBOARD!$J$2=0,0,CONTROL!G58))) | H58: =(IF(DASHBOARD!$J$2=H15,DASHBOARD!$Q$56,IF(DASHBOARD!$J$2=0,0,CONTROL!H58))) | I58: =(IF(DASHBOARD!$J$2=I15,DASHBOARD!$Q$56,IF(DASHBOARD!$J$2=0,0,CONTROL!I58))) | ... AW58: =(IF(DASHBOARD!$J$2=AW15,DASHBOARD!$Q$56,IF(DASHBOARD!$J$2=0,0,CONTROL!AW58))) | AZ58: SDRAP5
A59: PLTBS | B59: =(IF(DASHBOARD!$J$2=B15,DASHBOARD!$Q$57,IF(DASHBOARD!$J$2=0,0,CONTROL!B59))) | C59: =(IF(DASHBOARD!$J$2=C15,DASHBOARD!$Q$57,IF(DASHBOARD!$J$2=0,0,CONTROL!C59))) | D59: =(IF(DASHBOARD!$J$2=D15,DASHBOARD!$Q$57,IF(DASHBOARD!$J$2=0,0,CONTROL!D59))) | E59: =(IF(DASHBOARD!$J$2=E15,DASHBOARD!$Q$57,IF(DASHBOARD!$J$2=0,0,CONTROL!E59))) | F59: =(IF(DASHBOARD!$J$2=F15,DASHBOARD!$Q$57,IF(DASHBOARD!$J$2=0,0,CONTROL!F59))) | G59: =(IF(DASHBOARD!$J$2=G15,DASHBOARD!$Q$57,IF(DASHBOARD!$J$2=0,0,CONTROL!G59))) | H59: =(IF(DASHBOARD!$J$2=H15,DASHBOARD!$Q$57,IF(DASHBOARD!$J$2=0,0,CONTROL!H59))) | I59: =(IF(DASHBOARD!$J$2=I15,DASHBOARD!$Q$57,IF(DASHBOARD!$J$2=0,0,CONTROL!I59))) | ... AW59: =(IF(DASHBOARD!$J$2=AW15,DASHBOARD!$Q$57,IF(DASHBOARD!$J$2=0,0,CONTROL!AW59))) | AZ59: PLTBS
A60: SKANG5 | B60: =(IF(DASHBOARD!$J$2=B15,DASHBOARD!$Q$58,IF(DASHBOARD!$J$2=0,0,CONTROL!B60))) | C60: =(IF(DASHBOARD!$J$2=C15,DASHBOARD!$Q$58,IF(DASHBOARD!$J$2=0,0,CONTROL!C60))) | D60: =(IF(DASHBOARD!$J$2=D15,DASHBOARD!$Q$58,IF(DASHBOARD!$J$2=0,0,CONTROL!D60))) | E60: =(IF(DASHBOARD!$J$2=E15,DASHBOARD!$Q$58,IF(DASHBOARD!$J$2=0,0,CONTROL!E60))) | F60: =(IF(DASHBOARD!$J$2=F15,DASHBOARD!$Q$58,IF(DASHBOARD!$J$2=0,0,CONTROL!F60))) | G60: =(IF(DASHBOARD!$J$2=G15,DASHBOARD!$Q$58,IF(DASHBOARD!$J$2=0,0,CONTROL!G60))) | H60: =(IF(DASHBOARD!$J$2=H15,DASHBOARD!$Q$58,IF(DASHBOARD!$J$2=0,0,CONTROL!H60))) | I60: =(IF(DASHBOARD!$J$2=I15,DASHBOARD!$Q$58,IF(DASHBOARD!$J$2=0,0,CONTROL!I60))) | ... AW60: =(IF(DASHBOARD!$J$2=AW15,DASHBOARD!$Q$58,IF(DASHBOARD!$J$2=0,0,CONTROL!AW60))) | AZ60: SKANG5
A61: EKANG5 | B61: =(IF(DASHBOARD!$J$2=B15,DASHBOARD!$Q$59,IF(DASHBOARD!$J$2=0,0,CONTROL!B61))) | C61: =(IF(DASHBOARD!$J$2=C15,DASHBOARD!$Q$59,IF(DASHBOARD!$J$2=0,0,CONTROL!C61))) | D61: =(IF(DASHBOARD!$J$2=D15,DASHBOARD!$Q$59,IF(DASHBOARD!$J$2=0,0,CONTROL!D61))) | E61: =(IF(DASHBOARD!$J$2=E15,DASHBOARD!$Q$59,IF(DASHBOARD!$J$2=0,0,CONTROL!E61))) | F61: =(IF(DASHBOARD!$J$2=F15,DASHBOARD!$Q$59,IF(DASHBOARD!$J$2=0,0,CONTROL!F61))) | G61: =(IF(DASHBOARD!$J$2=G15,DASHBOARD!$Q$59,IF(DASHBOARD!$J$2=0,0,CONTROL!G61))) | H61: =(IF(DASHBOARD!$J$2=H15,DASHBOARD!$Q$59,IF(DASHBOARD!$J$2=0,0,CONTROL!H61))) | I61: =(IF(DASHBOARD!$J$2=I15,DASHBOARD!$Q$59,IF(DASHBOARD!$J$2=0,0,CONTROL!I61))) | ... AW61: =(IF(DASHBOARD!$J$2=AW15,DASHBOARD!$Q$59,IF(DASHBOARD!$J$2=0,0,CONTROL!AW61))) | AZ61: EKANG5
A62: MKALE5 | B62: =(IF(DASHBOARD!$J$2=B15,DASHBOARD!$Q$60,IF(DASHBOARD!$J$2=0,0,CONTROL!B62))) | C62: =(IF(DASHBOARD!$J$2=C15,DASHBOARD!$Q$60,IF(DASHBOARD!$J$2=0,0,CONTROL!C62))) | D62: =(IF(DASHBOARD!$J$2=D15,DASHBOARD!$Q$60,IF(DASHBOARD!$J$2=0,0,CONTROL!D62))) | E62: =(IF(DASHBOARD!$J$2=E15,DASHBOARD!$Q$60,IF(DASHBOARD!$J$2=0,0,CONTROL!E62))) | F62: =(IF(DASHBOARD!$J$2=F15,DASHBOARD!$Q$60,IF(DASHBOARD!$J$2=0,0,CONTROL!F62))) | G62: =(IF(DASHBOARD!$J$2=G15,DASHBOARD!$Q$60,IF(DASHBOARD!$J$2=0,0,CONTROL!G62))) | H62: =(IF(DASHBOARD!$J$2=H15,DASHBOARD!$Q$60,IF(DASHBOARD!$J$2=0,0,CONTROL!H62))) | I62: =(IF(DASHBOARD!$J$2=I15,DASHBOARD!$Q$60,IF(DASHBOARD!$J$2=0,0,CONTROL!I62))) | ... AW62: =(IF(DASHBOARD!$J$2=AW15,DASHBOARD!$Q$60,IF(DASHBOARD!$J$2=0,0,CONTROL!AW62))) | AZ62: MKALE5
A63: MALEA5 | B63: =(IF(DASHBOARD!$J$2=B15,DASHBOARD!$Q$61,IF(DASHBOARD!$J$2=0,0,CONTROL!B63))) | C63: =(IF(DASHBOARD!$J$2=C15,DASHBOARD!$Q$61,IF(DASHBOARD!$J$2=0,0,CONTROL!C63))) | D63: =(IF(DASHBOARD!$J$2=D15,DASHBOARD!$Q$61,IF(DASHBOARD!$J$2=0,0,CONTROL!D63))) | E63: =(IF(DASHBOARD!$J$2=E15,DASHBOARD!$Q$61,IF(DASHBOARD!$J$2=0,0,CONTROL!E63))) | F63: =(IF(DASHBOARD!$J$2=F15,DASHBOARD!$Q$61,IF(DASHBOARD!$J$2=0,0,CONTROL!F63))) | G63: =(IF(DASHBOARD!$J$2=G15,DASHBOARD!$Q$61,IF(DASHBOARD!$J$2=0,0,CONTROL!G63))) | H63: =(IF(DASHBOARD!$J$2=H15,DASHBOARD!$Q$61,IF(DASHBOARD!$J$2=0,0,CONTROL!H63))) | I63: =(IF(DASHBOARD!$J$2=I15,DASHBOARD!$Q$61,IF(DASHBOARD!$J$2=0,0,CONTROL!I63))) | ... AW63: =(IF(DASHBOARD!$J$2=AW15,DASHBOARD!$Q$61,IF(DASHBOARD!$J$2=0,0,CONTROL!AW63))) | AZ63: MALEA5
A64: BLOPA5 | B64: =(IF(DASHBOARD!$J$2=B15,DASHBOARD!$Q$62,IF(DASHBOARD!$J$2=0,0,CONTROL!B64))) | C64: =(IF(DASHBOARD!$J$2=C15,DASHBOARD!$Q$62,IF(DASHBOARD!$J$2=0,0,CONTROL!C64))) | D64: =(IF(DASHBOARD!$J$2=D15,DASHBOARD!$Q$62,IF(DASHBOARD!$J$2=0,0,CONTROL!D64))) | E64: =(IF(DASHBOARD!$J$2=E15,DASHBOARD!$Q$62,IF(DASHBOARD!$J$2=0,0,CONTROL!E64))) | F64: =(IF(DASHBOARD!$J$2=F15,DASHBOARD!$Q$62,IF(DASHBOARD!$J$2=0,0,CONTROL!F64))) | G64: =(IF(DASHBOARD!$J$2=G15,DASHBOARD!$Q$62,IF(DASHBOARD!$J$2=0,0,CONTROL!G64))) | H64: =(IF(DASHBOARD!$J$2=H15,DASHBOARD!$Q$62,IF(DASHBOARD!$J$2=0,0,CONTROL!H64))) | I64: =(IF(DASHBOARD!$J$2=I15,DASHBOARD!$Q$62,IF(DASHBOARD!$J$2=0,0,CONTROL!I64))) | ... AW64: =(IF(DASHBOARD!$J$2=AW15,DASHBOARD!$Q$62,IF(DASHBOARD!$J$2=0,0,CONTROL!AW64))) | AZ64: BLOPA5
A65: SIWA5 | B65: =(IF(DASHBOARD!$J$2=B15,DASHBOARD!$Q$63,IF(DASHBOARD!$J$2=0,0,CONTROL!B65))) | C65: =(IF(DASHBOARD!$J$2=C15,DASHBOARD!$Q$63,IF(DASHBOARD!$J$2=0,0,CONTROL!C65))) | D65: =(IF(DASHBOARD!$J$2=D15,DASHBOARD!$Q$63,IF(DASHBOARD!$J$2=0,0,CONTROL!D65))) | E65: =(IF(DASHBOARD!$J$2=E15,DASHBOARD!$Q$63,IF(DASHBOARD!$J$2=0,0,CONTROL!E65))) | F65: =(IF(DASHBOARD!$J$2=F15,DASHBOARD!$Q$63,IF(DASHBOARD!$J$2=0,0,CONTROL!F65))) | G65: =(IF(DASHBOARD!$J$2=G15,DASHBOARD!$Q$63,IF(DASHBOARD!$J$2=0,0,CONTROL!G65))) | H65: =(IF(DASHBOARD!$J$2=H15,DASHBOARD!$Q$63,IF(DASHBOARD!$J$2=0,0,CONTROL!H65))) | I65: =(IF(DASHBOARD!$J$2=I15,DASHBOARD!$Q$63,IF(DASHBOARD!$J$2=0,0,CONTROL!I65))) | ... AW65: =(IF(DASHBOARD!$J$2=AW15,DASHBOARD!$Q$63,IF(DASHBOARD!$J$2=0,0,CONTROL!AW65))) | AZ65: SIWA5
A66: PLOPO5 | B66: =(IF(DASHBOARD!$J$2=B15,DASHBOARD!$Q$64,IF(DASHBOARD!$J$2=0,0,CONTROL!B66))) | C66: =(IF(DASHBOARD!$J$2=C15,DASHBOARD!$Q$64,IF(DASHBOARD!$J$2=0,0,CONTROL!C66))) | D66: =(IF(DASHBOARD!$J$2=D15,DASHBOARD!$Q$64,IF(DASHBOARD!$J$2=0,0,CONTROL!D66))) | E66: =(IF(DASHBOARD!$J$2=E15,DASHBOARD!$Q$64,IF(DASHBOARD!$J$2=0,0,CONTROL!E66))) | F66: =(IF(DASHBOARD!$J$2=F15,DASHBOARD!$Q$64,IF(DASHBOARD!$J$2=0,0,CONTROL!F66))) | G66: =(IF(DASHBOARD!$J$2=G15,DASHBOARD!$Q$64,IF(DASHBOARD!$J$2=0,0,CONTROL!G66))) | H66: =(IF(DASHBOARD!$J$2=H15,DASHBOARD!$Q$64,IF(DASHBOARD!$J$2=0,0,CONTROL!H66))) | I66: =(IF(DASHBOARD!$J$2=I15,DASHBOARD!$Q$64,IF(DASHBOARD!$J$2=0,0,CONTROL!I66))) | ... AW66: =(IF(DASHBOARD!$J$2=AW15,DASHBOARD!$Q$64,IF(DASHBOARD!$J$2=0,0,CONTROL!AW66))) | AZ66: PLOPO5
A67: MSMBA5 | B67: =(IF(DASHBOARD!$J$2=B15,DASHBOARD!$Q$65,IF(DASHBOARD!$J$2=0,0,CONTROL!B67))) | C67: =(IF(DASHBOARD!$J$2=C15,DASHBOARD!$Q$65,IF(DASHBOARD!$J$2=0,0,CONTROL!C67))) | D67: =(IF(DASHBOARD!$J$2=D15,DASHBOARD!$Q$65,IF(DASHBOARD!$J$2=0,0,CONTROL!D67))) | E67: =(IF(DASHBOARD!$J$2=E15,DASHBOARD!$Q$65,IF(DASHBOARD!$J$2=0,0,CONTROL!E67))) | F67: =(IF(DASHBOARD!$J$2=F15,DASHBOARD!$Q$65,IF(DASHBOARD!$J$2=0,0,CONTROL!F67))) | G67: =(IF(DASHBOARD!$J$2=G15,DASHBOARD!$Q$65,IF(DASHBOARD!$J$2=0,0,CONTROL!G67))) | H67: =(IF(DASHBOARD!$J$2=H15,DASHBOARD!$Q$65,IF(DASHBOARD!$J$2=0,0,CONTROL!H67))) | I67: =(IF(DASHBOARD!$J$2=I15,DASHBOARD!$Q$65,IF(DASHBOARD!$J$2=0,0,CONTROL!I67))) | ... AW67: =(IF(DASHBOARD!$J$2=AW15,DASHBOARD!$Q$65,IF(DASHBOARD!$J$2=0,0,CONTROL!AW67))) | AZ67: MSMBA5
A68: MLILI5 | B68: =(IF(DASHBOARD!$J$2=B15,DASHBOARD!$Q$66,IF(DASHBOARD!$J$2=0,0,CONTROL!B68))) | C68: =(IF(DASHBOARD!$J$2=C15,DASHBOARD!$Q$66,IF(DASHBOARD!$J$2=0,0,CONTROL!C68))) | D68: =(IF(DASHBOARD!$J$2=D15,DASHBOARD!$Q$66,IF(DASHBOARD!$J$2=0,0,CONTROL!D68))) | E68: =(IF(DASHBOARD!$J$2=E15,DASHBOARD!$Q$66,IF(DASHBOARD!$J$2=0,0,CONTROL!E68))) | F68: =(IF(DASHBOARD!$J$2=F15,DASHBOARD!$Q$66,IF(DASHBOARD!$J$2=0,0,CONTROL!F68))) | G68: =(IF(DASHBOARD!$J$2=G15,DASHBOARD!$Q$66,IF(DASHBOARD!$J$2=0,0,CONTROL!G68))) | H68: =(IF(DASHBOARD!$J$2=H15,DASHBOARD!$Q$66,IF(DASHBOARD!$J$2=0,0,CONTROL!H68))) | I68: =(IF(DASHBOARD!$J$2=I15,DASHBOARD!$Q$66,IF(DASHBOARD!$J$2=0,0,CONTROL!I68))) | ... AW68: =(IF(DASHBOARD!$J$2=AW15,DASHBOARD!$Q$66,IF(DASHBOARD!$J$2=0,0,CONTROL!AW68))) | AZ68: MLILI5
A69: PLMAS5 | B69: =(IF(DASHBOARD!$J$2=B15,DASHBOARD!$Q$67,IF(DASHBOARD!$J$2=0,0,CONTROL!B69))) | C69: =(IF(DASHBOARD!$J$2=C15,DASHBOARD!$Q$67,IF(DASHBOARD!$J$2=0,0,CONTROL!C69))) | D69: =(IF(DASHBOARD!$J$2=D15,DASHBOARD!$Q$67,IF(DASHBOARD!$J$2=0,0,CONTROL!D69))) | E69: =(IF(DASHBOARD!$J$2=E15,DASHBOARD!$Q$67,IF(DASHBOARD!$J$2=0,0,CONTROL!E69))) | F69: =(IF(DASHBOARD!$J$2=F15,DASHBOARD!$Q$67,IF(DASHBOARD!$J$2=0,0,CONTROL!F69))) | G69: =(IF(DASHBOARD!$J$2=G15,DASHBOARD!$Q$67,IF(DASHBOARD!$J$2=0,0,CONTROL!G69))) | H69: =(IF(DASHBOARD!$J$2=H15,DASHBOARD!$Q$67,IF(DASHBOARD!$J$2=0,0,CONTROL!H69))) | I69: =(IF(DASHBOARD!$J$2=I15,DASHBOARD!$Q$67,IF(DASHBOARD!$J$2=0,0,CONTROL!I69))) | ... AW69: =(IF(DASHBOARD!$J$2=AW15,DASHBOARD!$Q$67,IF(DASHBOARD!$J$2=0,0,CONTROL!AW69))) | AZ69: PLMAS5
A70: MJENE5 | B70: =(IF(DASHBOARD!$J$2=B15,DASHBOARD!$Q$68,IF(DASHBOARD!$J$2=0,0,CONTROL!B70))) | C70: =(IF(DASHBOARD!$J$2=C15,DASHBOARD!$Q$68,IF(DASHBOARD!$J$2=0,0,CONTROL!C70))) | D70: =(IF(DASHBOARD!$J$2=D15,DASHBOARD!$Q$68,IF(DASHBOARD!$J$2=0,0,CONTROL!D70))) | E70: =(IF(DASHBOARD!$J$2=E15,DASHBOARD!$Q$68,IF(DASHBOARD!$J$2=0,0,CONTROL!E70))) | F70: =(IF(DASHBOARD!$J$2=F15,DASHBOARD!$Q$68,IF(DASHBOARD!$J$2=0,0,CONTROL!F70))) | G70: =(IF(DASHBOARD!$J$2=G15,DASHBOARD!$Q$68,IF(DASHBOARD!$J$2=0,0,CONTROL!G70))) | H70: =(IF(DASHBOARD!$J$2=H15,DASHBOARD!$Q$68,IF(DASHBOARD!$J$2=0,0,CONTROL!H70))) | I70: =(IF(DASHBOARD!$J$2=I15,DASHBOARD!$Q$68,IF(DASHBOARD!$J$2=0,0,CONTROL!I70))) | ... AW70: =(IF(DASHBOARD!$J$2=AW15,DASHBOARD!$Q$68,IF(DASHBOARD!$J$2=0,0,CONTROL!AW70))) | AZ70: MJENE5
A71: MMUJU5 | B71: =(IF(DASHBOARD!$J$2=B15,DASHBOARD!$Q$69,IF(DASHBOARD!$J$2=0,0,CONTROL!B71))) | C71: =(IF(DASHBOARD!$J$2=C15,DASHBOARD!$Q$69,IF(DASHBOARD!$J$2=0,0,CONTROL!C71))) | D71: =(IF(DASHBOARD!$J$2=D15,DASHBOARD!$Q$69,IF(DASHBOARD!$J$2=0,0,CONTROL!D71))) | E71: =(IF(DASHBOARD!$J$2=E15,DASHBOARD!$Q$69,IF(DASHBOARD!$J$2=0,0,CONTROL!E71))) | F71: =(IF(DASHBOARD!$J$2=F15,DASHBOARD!$Q$69,IF(DASHBOARD!$J$2=0,0,CONTROL!F71))) | G71: =(IF(DASHBOARD!$J$2=G15,DASHBOARD!$Q$69,IF(DASHBOARD!$J$2=0,0,CONTROL!G71))) | H71: =(IF(DASHBOARD!$J$2=H15,DASHBOARD!$Q$69,IF(DASHBOARD!$J$2=0,0,CONTROL!H71))) | I71: =(IF(DASHBOARD!$J$2=I15,DASHBOARD!$Q$69,IF(DASHBOARD!$J$2=0,0,CONTROL!I71))) | ... AW71: =(IF(DASHBOARD!$J$2=AW15,DASHBOARD!$Q$69,IF(DASHBOARD!$J$2=0,0,CONTROL!AW71))) | AZ71: MMUJU5
A72: MJNEW5 | B72: =(IF(DASHBOARD!$J$2=B15,DASHBOARD!$Q$70,IF(DASHBOARD!$J$2=0,0,CONTROL!B72))) | C72: =(IF(DASHBOARD!$J$2=C15,DASHBOARD!$Q$70,IF(DASHBOARD!$J$2=0,0,CONTROL!C72))) | D72: =(IF(DASHBOARD!$J$2=D15,DASHBOARD!$Q$70,IF(DASHBOARD!$J$2=0,0,CONTROL!D72))) | E72: =(IF(DASHBOARD!$J$2=E15,DASHBOARD!$Q$70,IF(DASHBOARD!$J$2=0,0,CONTROL!E72))) | F72: =(IF(DASHBOARD!$J$2=F15,DASHBOARD!$Q$70,IF(DASHBOARD!$J$2=0,0,CONTROL!F72))) | G72: =(IF(DASHBOARD!$J$2=G15,DASHBOARD!$Q$70,IF(DASHBOARD!$J$2=0,0,CONTROL!G72))) | H72: =(IF(DASHBOARD!$J$2=H15,DASHBOARD!$Q$70,IF(DASHBOARD!$J$2=0,0,CONTROL!H72))) | I72: =(IF(DASHBOARD!$J$2=I15,DASHBOARD!$Q$70,IF(DASHBOARD!$J$2=0,0,CONTROL!I72))) | ... AW72: =(IF(DASHBOARD!$J$2=AW15,DASHBOARD!$Q$70,IF(DASHBOARD!$J$2=0,0,CONTROL!AW72))) | AZ72: MJNEW5
A73: TPOYO5 | B73: =(IF(DASHBOARD!$J$2=B15,DASHBOARD!$Q$71,IF(DASHBOARD!$J$2=0,0,CONTROL!B73))) | C73: =(IF(DASHBOARD!$J$2=C15,DASHBOARD!$Q$71,IF(DASHBOARD!$J$2=0,0,CONTROL!C73))) | D73: =(IF(DASHBOARD!$J$2=D15,DASHBOARD!$Q$71,IF(DASHBOARD!$J$2=0,0,CONTROL!D73))) | E73: =(IF(DASHBOARD!$J$2=E15,DASHBOARD!$Q$71,IF(DASHBOARD!$J$2=0,0,CONTROL!E73))) | F73: =(IF(DASHBOARD!$J$2=F15,DASHBOARD!$Q$71,IF(DASHBOARD!$J$2=0,0,CONTROL!F73))) | G73: =(IF(DASHBOARD!$J$2=G15,DASHBOARD!$Q$71,IF(DASHBOARD!$J$2=0,0,CONTROL!G73))) | H73: =(IF(DASHBOARD!$J$2=H15,DASHBOARD!$Q$71,IF(DASHBOARD!$J$2=0,0,CONTROL!H73))) | I73: =(IF(DASHBOARD!$J$2=I15,DASHBOARD!$Q$71,IF(DASHBOARD!$J$2=0,0,CONTROL!I73))) | ... AW73: =(IF(DASHBOARD!$J$2=AW15,DASHBOARD!$Q$71,IF(DASHBOARD!$J$2=0,0,CONTROL!AW73))) | AZ73: TPOYO5
A74: PMMJU5 | B74: =(IF(DASHBOARD!$J$2=B15,DASHBOARD!$Q$72,IF(DASHBOARD!$J$2=0,0,CONTROL!B74))) | C74: =(IF(DASHBOARD!$J$2=C15,DASHBOARD!$Q$72,IF(DASHBOARD!$J$2=0,0,CONTROL!C74))) | D74: =(IF(DASHBOARD!$J$2=D15,DASHBOARD!$Q$72,IF(DASHBOARD!$J$2=0,0,CONTROL!D74))) | E74: =(IF(DASHBOARD!$J$2=E15,DASHBOARD!$Q$72,IF(DASHBOARD!$J$2=0,0,CONTROL!E74))) | F74: =(IF(DASHBOARD!$J$2=F15,DASHBOARD!$Q$72,IF(DASHBOARD!$J$2=0,0,CONTROL!F74))) | G74: =(IF(DASHBOARD!$J$2=G15,DASHBOARD!$Q$72,IF(DASHBOARD!$J$2=0,0,CONTROL!G74))) | H74: =(IF(DASHBOARD!$J$2=H15,DASHBOARD!$Q$72,IF(DASHBOARD!$J$2=0,0,CONTROL!H74))) | I74: =(IF(DASHBOARD!$J$2=I15,DASHBOARD!$Q$72,IF(DASHBOARD!$J$2=0,0,CONTROL!I74))) | ... AW74: =(IF(DASHBOARD!$J$2=AW15,DASHBOARD!$Q$72,IF(DASHBOARD!$J$2=0,0,CONTROL!AW74))) | AZ74: PMMJU5
A75: PSKYU5 | B75: =(IF(DASHBOARD!$J$2=B15,DASHBOARD!$Q$73,IF(DASHBOARD!$J$2=0,0,CONTROL!B75))) | C75: =(IF(DASHBOARD!$J$2=C15,DASHBOARD!$Q$73,IF(DASHBOARD!$J$2=0,0,CONTROL!C75))) | D75: =(IF(DASHBOARD!$J$2=D15,DASHBOARD!$Q$73,IF(DASHBOARD!$J$2=0,0,CONTROL!D75))) | E75: =(IF(DASHBOARD!$J$2=E15,DASHBOARD!$Q$73,IF(DASHBOARD!$J$2=0,0,CONTROL!E75))) | F75: =(IF(DASHBOARD!$J$2=F15,DASHBOARD!$Q$73,IF(DASHBOARD!$J$2=0,0,CONTROL!F75))) | G75: =(IF(DASHBOARD!$J$2=G15,DASHBOARD!$Q$73,IF(DASHBOARD!$J$2=0,0,CONTROL!G75))) | H75: =(IF(DASHBOARD!$J$2=H15,DASHBOARD!$Q$73,IF(DASHBOARD!$J$2=0,0,CONTROL!H75))) | I75: =(IF(DASHBOARD!$J$2=I15,DASHBOARD!$Q$73,IF(DASHBOARD!$J$2=0,0,CONTROL!I75))) | ... AW75: =(IF(DASHBOARD!$J$2=AW15,DASHBOARD!$Q$73,IF(DASHBOARD!$J$2=0,0,CONTROL!AW75))) | AZ75: PSKYU5
